arm,seed,targeting_mode,delta_aff_plateau,delta_aff_per_contact,delta_aff_per_cross_contact,toward_other_camp,toward_mean,toward_own_pole,delta_k,delta_bic_margin,ideo_level_toward_other_camp,ideo_level_toward_mean,ideo_level_toward_own_pole,diversity_ratio_arm,diversity_ratio_none,diversity_floor_break_even,scenario,lhs_index,affective,ideological,structural
exposure,0,camp_pair,0.0026629803463811275,6.767765442668313e-8,8.607474130134875e-8,-0.0038415723297467188,-0.003759420421265108,0.0035905654894966077,0.0,0.00009507869243568362,-0.000585347027627432,-0.00011315539527711716,0.0008923641284938617,1.002790302240053,1.000264857263552,NaN,consolidated_two_camp,0,0.7137515307914992,0.6735343484268732,0.9831496442346799
engagement,0,camp_pair,0.0008049944277730425,2.2963754892969407e-8,3.120375330541292e-8,0.000033625725420515884,0.000027648139391395497,-0.00006300783936691713,0.0,0.00034209534895503907,-0.000585347027627432,-0.00011315539527711716,0.0008923641284938617,1.0001666996269496,1.000264857263552,NaN,consolidated_two_camp,0,0.7137515307914992,0.6735343484268732,0.9831496442346799
composition,0,camp_pair,-0.010989940495907069,-3.132911569858625e-7,-4.260162226579474e-7,0.0001227605731227626,0.00013954945559537814,-0.00012005919916243573,0.0,0.0003489196018897425,-0.000585347027627432,-0.00011315539527711716,0.0008923641284938617,1.000144916224229,1.000264857263552,1.000144916224229,consolidated_two_camp,0,0.7137515307914992,0.6735343484268732,0.9831496442346799
exposure,1,camp_pair,0.0025611794574580404,6.471056513449153e-8,8.298543425648966e-8,-0.0030052017819058078,-0.002852472026974802,0.00284610191699976,0.0,5.320971603148261e-6,-0.0011687653011913904,-0.0005084321087189628,0.0015812133342894249,1.0024166210506857,1.0003715043978116,NaN,consolidated_two_camp,0,0.7137515307914992,0.6735343484268732,0.9831496442346799
engagement,1,camp_pair,0.0014170000521152026,3.955559423038837e-8,5.335492326663162e-8,-0.0004381276854158445,-0.00035756874837957267,0.00043613241705024643,0.0,8.908018782893823e-6,-0.0011687653011913904,-0.0005084321087189628,0.0015812133342894249,1.0007154189692808,1.0003715043978116,NaN,consolidated_two_camp,0,0.7137515307914992,0.6735343484268732,0.9831496442346799
composition,1,camp_pair,-0.010565473280968352,-2.962420659180808e-7,-3.9994977783125835e-7,-0.000015298329317344405,0.00002213899221107762,0.00002002653297773988,0.0,0.000013608695256447922,-0.0011687653011913904,-0.0005084321087189628,0.0015812133342894249,1.000440268491565,1.0003715043978116,1.000440268491565,consolidated_two_camp,0,0.7137515307914992,0.6735343484268732,0.9831496442346799
exposure,0,distance,0.0026629803463811275,6.767765442668313e-8,8.607474130134875e-8,-0.0038415723297467188,-0.003759420421265108,0.0035905654894966077,0.0,0.00009507869243568362,-0.000585347027627432,-0.00011315539527711716,0.0008923641284938617,1.002790302240053,1.000264857263552,NaN,consolidated_two_camp,0,0.7137515307914992,0.6735343484268732,0.9831496442346799
engagement,0,distance,0.01343977585119549,2.418095691111099e-7,3.16177943660938e-7,-0.002330606774288449,-0.0025266307019732427,0.0019760821646287252,0.0,-0.000042083899668698965,-0.000585347027627432,-0.00011315539527711716,0.0008923641284938617,1.0020203945730177,1.000264857263552,NaN,consolidated_two_camp,0,0.7137515307914992,0.6735343484268732,0.9831496442346799
composition,0,distance,-0.005830493863890229,-1.0477077922534104e-7,-1.3699790558730773e-7,-0.0024400753504411413,-0.0025806140986909826,0.0021419243599314595,0.0,0.000051772846163207487,-0.000585347027627432,-0.00011315539527711716,0.0008923641284938617,1.001981732035198,1.000264857263552,1.001981732035198,consolidated_two_camp,0,0.7137515307914992,0.6735343484268732,0.9831496442346799
exposure,1,distance,0.0025611794574580404,6.471056513449153e-8,8.298543425648966e-8,-0.0030052017819058078,-0.002852472026974802,0.00284610191699976,0.0,5.320971603148261e-6,-0.0011687653011913904,-0.0005084321087189628,0.0015812133342894249,1.0024166210506857,1.0003715043978116,NaN,consolidated_two_camp,0,0.7137515307914992,0.6735343484268732,0.9831496442346799
engagement,1,distance,0.014444751095112895,2.555598014067601e-7,3.340831023223835e-7,-0.0026525117626537767,-0.00281627829878649,0.0022792093392718107,0.0,0.0000787692960317124,-0.0011687653011913904,-0.0005084321087189628,0.0015812133342894249,1.0024177348068302,1.0003715043978116,NaN,consolidated_two_camp,0,0.7137515307914992,0.6735343484268732,0.9831496442346799
composition,1,distance,-0.005361114054489136,-9.501983400664887e-8,-1.2442821460542023e-7,-0.0024491051013535783,-0.0027320573508360564,0.0020070258065137867,0.0,0.00009608778288747177,-0.0011687653011913904,-0.0005084321087189628,0.0015812133342894249,1.0023879121843626,1.0003715043978116,1.0023879121843626,consolidated_two_camp,0,0.7137515307914992,0.6735343484268732,0.9831496442346799
exposure,0,camp_pair,0.0031369063835788857,5.834259645468198e-8,6.572190202344198e-8,-0.013686056557419501,-0.013484882308346026,0.013385545971144108,0.0,-0.00035919832657897027,-0.03760756003132665,-0.036910246130993446,0.03686447281668743,1.0285679642260384,1.0205560171883234,NaN,consolidated_two_camp,1,0.9464207024421489,0.8848701602854708,0.7318724839295598
engagement,0,camp_pair,0.005378358560210295,1.0259735531285137e-7,1.1665456154886227e-7,0.00023465758119940727,0.0002773157339681573,-0.0002302885460978149,0.0,0.0008034785242722192,-0.03760756003132665,-0.036910246130993446,0.03686447281668743,1.0203878124064654,1.0205560171883234,NaN,consolidated_two_camp,1,0.9464207024421489,0.8848701602854708,0.7318724839295598
composition,0,camp_pair,-0.01551675724669499,-2.9369441914513636e-7,-3.340600927187881e-7,-0.001048620320127501,-0.0009622411693160082,0.0010616812735208744,0.0,0.0002851689783378644,-0.03760756003132665,-0.036910246130993446,0.03686447281668743,1.0211175857280923,1.0205560171883234,1.0211175857280923,consolidated_two_camp,1,0.9464207024421489,0.8848701602854708,0.7318724839295598
exposure,1,camp_pair,0.003805461057053705,6.841770297286466e-8,7.809598294725219e-8,-0.010572128015876668,-0.01038628904407203,0.010134446834122776,0.0,-0.0004376809468613699,-0.04074240940693872,-0.03920900440919381,0.039535012767098095,1.0294065362625624,1.0233162896312002,NaN,consolidated_two_camp,1,0.9464207024421489,0.8848701602854708,0.7318724839295598
engagement,1,camp_pair,0.006420244609626202,1.1770114964390713e-7,1.354739214117913e-7,-0.0013252204893181158,-0.001101381974168432,0.0012878383520732242,0.0,-0.0013473234864557065,-0.04074240940693872,-0.03920900440919381,0.039535012767098095,1.0239406456705673,1.0233162896312002,NaN,consolidated_two_camp,1,0.9464207024421489,0.8848701602854708,0.7318724839295598
composition,1,camp_pair,-0.015666965059943916,-2.876308553478844e-7,-3.316180903383269e-7,-0.0009488965555861442,-0.0008827056683859275,0.0008455186501764786,0.0,-0.00009474292343586432,-0.04074240940693872,-0.03920900440919381,0.039535012767098095,1.0239027904720897,1.0233162896312002,1.0239027904720897,consolidated_two_camp,1,0.9464207024421489,0.8848701602854708,0.7318724839295598
exposure,0,distance,0.0031369063835788857,5.834259645468198e-8,6.572190202344198e-8,-0.013686056557419501,-0.013484882308346026,0.013385545971144108,0.0,-0.00035919832657897027,-0.03760756003132665,-0.036910246130993446,0.03686447281668743,1.0285679642260384,1.0205560171883234,NaN,consolidated_two_camp,1,0.9464207024421489,0.8848701602854708,0.7318724839295598
engagement,0,distance,0.04720973732836331,6.197943721722898e-7,7.03677706489243e-7,-0.009666268279766778,-0.009626743203769592,0.009399271485444671,0.0,0.00008418509467264523,-0.03760756003132665,-0.036910246130993446,0.03686447281668743,1.0259069759926358,1.0205560171883234,NaN,consolidated_two_camp,1,0.9464207024421489,0.8848701602854708,0.7318724839295598
composition,0,distance,0.009895155938742572,1.29992458569154e-7,1.4747758344376076e-7,-0.009305987665555529,-0.009357927055966012,0.008940960858423497,0.0,-0.00014689831623942995,-0.03760756003132665,-0.036910246130993446,0.03686447281668743,1.0255508567668241,1.0205560171883234,NaN,consolidated_two_camp,1,0.9464207024421489,0.8848701602854708,0.7318724839295598
exposure,1,distance,0.003805461057053705,6.841770297286466e-8,7.809598294725219e-8,-0.010572128015876668,-0.01038628904407203,0.010134446834122776,0.0,-0.0004376809468613699,-0.04074240940693872,-0.03920900440919381,0.039535012767098095,1.0294065362625624,1.0233162896312002,NaN,consolidated_two_camp,1,0.9464207024421489,0.8848701602854708,0.7318724839295598
engagement,1,distance,0.04826848566126474,6.088739913120749e-7,6.953510092956197e-7,-0.008825549878451501,-0.009014673210233096,0.008349139853461848,0.0,-0.00001023346723821178,-0.04074240940693872,-0.03920900440919381,0.039535012767098095,1.0278028404512671,1.0233162896312002,NaN,consolidated_two_camp,1,0.9464207024421489,0.8848701602854708,0.7318724839295598
composition,1,distance,0.012556778813083813,1.5979408270553714e-7,1.8266531106287006e-7,-0.008684409671241296,-0.00903981990125751,0.008160446039289684,0.0,8.582672355671173e-6,-0.04074240940693872,-0.03920900440919381,0.039535012767098095,1.028023944440877,1.0233162896312002,NaN,consolidated_two_camp,1,0.9464207024421489,0.8848701602854708,0.7318724839295598
exposure,0,camp_pair,0.0012557673558002413,2.87308354488936e-8,3.3965361781895524e-8,-0.0013051889367905337,-0.0013004201586094871,0.0012413984467237078,0.0,-0.0003517455125186669,-0.004273116877746658,-0.0038399094914079016,0.004380196831430859,1.0033239375257474,1.0025069556746344,NaN,consolidated_two_camp,2,0.5508114029651066,0.7718968694244319,0.7848576572238148
engagement,0,camp_pair,0.0008351702913889092,1.8905948871282608e-8,2.2613118116289203e-8,-0.0009920520361444357,-0.0009625475104943471,0.0010014019663780243,0.0,0.00012326339336615755,-0.004273116877746658,-0.0038399094914079016,0.004380196831430859,1.003023675900404,1.0025069556746344,NaN,consolidated_two_camp,2,0.5508114029651066,0.7718968694244319,0.7848576572238148
composition,0,camp_pair,-0.012042649859201005,-2.7198432276805124e-7,-3.2456473316087226e-7,-0.000754175578878389,-0.0007357835683491766,0.0007499290998558995,0.0,-0.00029554792843757005,-0.004273116877746658,-0.0038399094914079016,0.004380196831430859,1.0028953336728172,1.0025069556746344,1.0028953336728172,consolidated_two_camp,2,0.5508114029651066,0.7718968694244319,0.7848576572238148
exposure,1,camp_pair,0.0008563828568646237,1.9323153881283958e-8,2.3021044539371604e-8,-0.001307574001666912,-0.0013306292644433438,0.0011975047945359434,0.0,-0.00007744615007290734,-0.004572707328006953,-0.003902376953628604,0.004791768263217869,1.0033939180994687,1.0025912342214258,NaN,consolidated_two_camp,2,0.5508114029651066,0.7718968694244319,0.7848576572238148
engagement,1,camp_pair,0.001501184688905699,3.341014619660151e-8,4.024839639942353e-8,-0.0009169794272408105,-0.0008541363050559546,0.0008745851050203117,0.0,-0.00007544877104487258,-0.004572707328006953,-0.003902376953628604,0.004791768263217869,1.00307609259892,1.0025912342214258,NaN,consolidated_two_camp,2,0.5508114029651066,0.7718968694244319,0.7848576572238148
composition,1,camp_pair,-0.012284394630083906,-2.727562198606489e-7,-3.2822279718074936e-7,-0.0007590562380588306,-0.0006368725095448752,0.0007177944212770019,0.0,-0.00004712299301846273,-0.004572707328006953,-0.003902376953628604,0.004791768263217869,1.0029466200172055,1.0025912342214258,1.0029466200172055,consolidated_two_camp,2,0.5508114029651066,0.7718968694244319,0.7848576572238148
exposure,0,distance,0.0012557673558002413,2.87308354488936e-8,3.3965361781895524e-8,-0.0013051889367905337,-0.0013004201586094871,0.0012413984467237078,0.0,-0.0003517455125186669,-0.004273116877746658,-0.0038399094914079016,0.004380196831430859,1.0033239375257474,1.0025069556746344,NaN,consolidated_two_camp,2,0.5508114029651066,0.7718968694244319,0.7848576572238148
engagement,0,distance,0.009433484759766575,1.3880528471449596e-7,1.637274547402082e-7,-0.008185826123284324,-0.008238194932924764,0.007766237480018364,0.0,-4.9485929547593566e-6,-0.004273116877746658,-0.0038399094914079016,0.004380196831430859,1.007364269403253,1.0025069556746344,NaN,consolidated_two_camp,2,0.5508114029651066,0.7718968694244319,0.7848576572238148
composition,0,distance,-0.012197826702106118,-1.802865396864542e-7,-2.126538825332308e-7,-0.00832003948185947,-0.008412413962638433,0.007841439384818669,0.0,-0.000026059720407332898,-0.004273116877746658,-0.0038399094914079016,0.004380196831430859,1.0074508729845995,1.0025069556746344,1.0074508729845995,consolidated_two_camp,2,0.5508114029651066,0.7718968694244319,0.7848576572238148
exposure,1,distance,0.0008563828568646237,1.9323153881283958e-8,2.3021044539371604e-8,-0.001307574001666912,-0.0013306292644433438,0.0011975047945359434,0.0,-0.00007744615007290734,-0.004572707328006953,-0.003902376953628604,0.004791768263217869,1.0033939180994687,1.0025912342214258,NaN,consolidated_two_camp,2,0.5508114029651066,0.7718968694244319,0.7848576572238148
engagement,1,distance,0.009403409751490122,1.3835054366010654e-7,1.6385958059299355e-7,-0.008117199857969326,-0.00812823052580027,0.0075279851795550775,0.0,-0.00008333048738792814,-0.004572707328006953,-0.003902376953628604,0.004791768263217869,1.007504938246006,1.0025912342214258,NaN,consolidated_two_camp,2,0.5508114029651066,0.7718968694244319,0.7848576572238148
composition,1,distance,-0.012467325289329034,-1.8267678597657123e-7,-2.167627319237957e-7,-0.008187605360877034,-0.008456507380323015,0.007583368277092641,0.0,-0.00006397115057134306,-0.004572707328006953,-0.003902376953628604,0.004791768263217869,1.0076656826835653,1.0025912342214258,1.0076656826835653,consolidated_two_camp,2,0.5508114029651066,0.7718968694244319,0.7848576572238148
exposure,0,camp_pair,0.0010865734961575946,2.3659223449845287e-8,2.76032287409205e-8,-0.002048558571074369,-0.002082572895688614,0.0018649478416913699,0.0,-0.0022563468113055082,-0.007950826666794112,-0.007377049643359367,0.007944057409564895,1.006830612246768,1.0051240285752558,NaN,consolidated_two_camp,3,0.6841673772176897,0.7094137261300761,0.6917234970823039
engagement,0,camp_pair,0.0023648659521071647,4.96268010850768e-8,5.832550565054912e-8,-0.00033949395302720377,-0.0004065419620904809,0.0002623203135390523,0.0,-0.0000732961581635036,-0.007950826666794112,-0.007377049643359367,0.007944057409564895,1.0055305713689808,1.0051240285752558,NaN,consolidated_two_camp,3,0.6841673772176897,0.7094137261300761,0.6917234970823039
composition,0,camp_pair,-0.015392816963144984,-3.24756676719376e-7,-3.807841124862701e-7,-0.001111151924857461,-0.0011366004009050164,0.001078703151213391,0.0,-0.00042116457814170283,-0.007950826666794112,-0.007377049643359367,0.007944057409564895,1.0057997441419684,1.0051240285752558,1.0057997441419684,consolidated_two_camp,3,0.6841673772176897,0.7094137261300761,0.6917234970823039
exposure,1,camp_pair,0.0010778580440995444,2.34444381533343e-8,2.7654403840813436e-8,-0.0018065151714667781,-0.0018608494956474687,0.0016698549074333846,0.0,-0.000023254913285891687,-0.006593146755802529,-0.005851094598657271,0.006628522634823593,1.0053762210190211,1.0040366143422437,NaN,consolidated_two_camp,3,0.6841673772176897,0.7094137261300761,0.6917234970823039
engagement,1,camp_pair,0.003357859768239102,7.047664536129923e-8,8.319359219659833e-8,-0.001645467344293076,-0.0017765505724731236,0.0015239896090987635,0.0,-0.000019787709662030806,-0.006593146755802529,-0.005851094598657271,0.006628522634823593,1.0051374741851544,1.0040366143422437,NaN,consolidated_two_camp,3,0.6841673772176897,0.7094137261300761,0.6917234970823039
composition,1,camp_pair,-0.01506852383911994,-3.147012204820171e-7,-3.7212663519916874e-7,-0.0011110394906506133,-0.001169031654497033,0.0010295104185096757,0.0,-0.0000459468763304785,-0.006593146755802529,-0.005851094598657271,0.006628522634823593,1.0046793275884893,1.0040366143422437,1.0046793275884893,consolidated_two_camp,3,0.6841673772176897,0.7094137261300761,0.6917234970823039
exposure,0,distance,0.0010865734961575946,2.3659223449845287e-8,2.76032287409205e-8,-0.002048558571074369,-0.002082572895688614,0.0018649478416913699,0.0,-0.0022563468113055082,-0.007950826666794112,-0.007377049643359367,0.007944057409564895,1.006830612246768,1.0051240285752558,NaN,consolidated_two_camp,3,0.6841673772176897,0.7094137261300761,0.6917234970823039
engagement,0,distance,0.017426435550437214,2.463971092320568e-7,2.8679825467294054e-7,-0.008619008651478263,-0.008663257471255247,0.008115359976476501,0.0,-0.0005151492720398693,-0.007950826666794112,-0.007377049643359367,0.007944057409564895,1.0104806566316786,1.0051240285752558,NaN,consolidated_two_camp,3,0.6841673772176897,0.7094137261300761,0.6917234970823039
composition,0,distance,-0.011010236604875656,-1.5521585401953417e-7,-1.8064967849438302e-7,-0.00834410341953822,-0.008334391549433013,0.007850707598103421,0.0,0.00003404015613236305,-0.007950826666794112,-0.007377049643359367,0.007944057409564895,1.0105211479775547,1.0051240285752558,1.0105211479775547,consolidated_two_camp,3,0.6841673772176897,0.7094137261300761,0.6917234970823039
exposure,1,distance,0.0010778580440995444,2.34444381533343e-8,2.7654403840813436e-8,-0.0018065151714667781,-0.0018608494956474687,0.0016698549074333846,0.0,-0.000023254913285891687,-0.006593146755802529,-0.005851094598657271,0.006628522634823593,1.0053762210190211,1.0040366143422437,NaN,consolidated_two_camp,3,0.6841673772176897,0.7094137261300761,0.6917234970823039
engagement,1,distance,0.0179163476066575,2.492570515262803e-7,2.9160247402642374e-7,-0.008951667359574767,-0.009089611858923997,0.008362131351589232,0.0,-0.00005021846746577213,-0.006593146755802529,-0.005851094598657271,0.006628522634823593,1.0098916809800234,1.0040366143422437,NaN,consolidated_two_camp,3,0.6841673772176897,0.7094137261300761,0.6917234970823039
composition,1,distance,-0.011013381762441155,-1.5384611399333894e-7,-1.799395772055216e-7,-0.00869761716933929,-0.008844183933119478,0.008095145389110162,0.0,-0.00006368726207642283,-0.006593146755802529,-0.005851094598657271,0.006628522634823593,1.0095889074532953,1.0040366143422437,1.0095889074532953,consolidated_two_camp,3,0.6841673772176897,0.7094137261300761,0.6917234970823039
exposure,0,camp_pair,0.0011427718434117162,2.7044013711939518e-8,3.18604840919961e-8,-0.003989657739936429,-0.00393023998053587,0.0038622833729953,0.0,-0.0044877319807362925,-0.002824872472852277,-0.002498518335703731,0.0030224432505493743,1.0032888829934619,1.001282418528387,NaN,consolidated_two_camp,4,0.48089390252091246,0.9661062054044791,0.9066717840672841
engagement,0,camp_pair,0.00028476112505348983,7.17228232258242e-9,8.714420695091037e-9,-0.0014460161228435826,-0.0014149498567049292,0.0014026263196708771,0.0,0.00012974428530793114,-0.002824872472852277,-0.002498518335703731,0.0030224432505493743,1.0020377478695064,1.001282418528387,NaN,consolidated_two_camp,4,0.48089390252091246,0.9661062054044791,0.9066717840672841
composition,0,camp_pair,-0.010233342277923052,-2.5705456613722816e-7,-3.148236356844502e-7,-0.001741286752909014,-0.0016422142932643147,0.0017305403933273308,0.0,-0.004526017840848856,-0.002824872472852277,-0.002498518335703731,0.0030224432505493743,1.0021742837113572,1.001282418528387,1.0021742837113572,consolidated_two_camp,4,0.48089390252091246,0.9661062054044791,0.9066717840672841
exposure,1,camp_pair,0.0014898370579697895,3.4491759456632624e-8,4.106949658092925e-8,-0.003078557178522585,-0.003033790866918178,0.002990948934768521,0.0,0.0057623906247590145,-0.0036735946552546718,-0.003325092030577757,0.003871666895090117,1.003272860877478,1.0017701272019495,NaN,consolidated_two_camp,4,0.48089390252091246,0.9661062054044791,0.9066717840672841
engagement,1,camp_pair,0.0005638867459677455,1.3689894293948664e-8,1.6708250495355283e-8,-0.0010854826156788196,-0.0009468393249631147,0.0010912943267548125,0.0,0.005975276481450333,-0.0036735946552546718,-0.003325092030577757,0.003871666895090117,1.0022578071439194,1.0017701272019495,NaN,consolidated_two_camp,4,0.48089390252091246,0.9661062054044791,0.9066717840672841
composition,1,camp_pair,-0.010415751942223661,-2.5285861192036466e-7,-3.085965851571362e-7,-0.001073237903329197,-0.0009330775923072202,0.001081259991773729,0.0,0.005975141676199704,-0.0036735946552546718,-0.003325092030577757,0.003871666895090117,1.0022507886809624,1.0017701272019495,1.0022507886809624,consolidated_two_camp,4,0.48089390252091246,0.9661062054044791,0.9066717840672841
exposure,0,distance,0.0011427718434117162,2.7044013711939518e-8,3.18604840919961e-8,-0.003989657739936429,-0.00393023998053587,0.0038622833729953,0.0,-0.0044877319807362925,-0.002824872472852277,-0.002498518335703731,0.0030224432505493743,1.0032888829934619,1.001282418528387,NaN,consolidated_two_camp,4,0.48089390252091246,0.9661062054044791,0.9066717840672841
engagement,0,distance,0.006150386775321204,9.779749678514849e-8,1.1644490089214291e-7,-0.007875126729035543,-0.008039848465392782,0.00754791387420173,0.0,-0.0045791977323774505,-0.002824872472852277,-0.002498518335703731,0.0030224432505493743,1.0052244247712443,1.001282418528387,NaN,consolidated_two_camp,4,0.48089390252091246,0.9661062054044791,0.9066717840672841
composition,0,distance,-0.010973486555860834,-1.7458692455310456e-7,-2.0806762525333397e-7,-0.0085130351113132,-0.008605787940647983,0.008137505394049673,0.0,-0.0046346493140405,-0.002824872472852277,-0.002498518335703731,0.0030224432505493743,1.0055402805820979,1.001282418528387,1.0055402805820979,consolidated_two_camp,4,0.48089390252091246,0.9661062054044791,0.9066717840672841
exposure,1,distance,0.0014898370579697895,3.4491759456632624e-8,4.106949658092925e-8,-0.003078557178522585,-0.003033790866918178,0.002990948934768521,0.0,0.0057623906247590145,-0.0036735946552546718,-0.003325092030577757,0.003871666895090117,1.003272860877478,1.0017701272019495,NaN,consolidated_two_camp,4,0.48089390252091246,0.9661062054044791,0.9066717840672841
engagement,1,distance,0.0068657313620743565,1.0710133939746286e-7,1.2801557581433392e-7,-0.008149153280561004,-0.008684279194981728,0.007665121289713273,0.0,0.005765852020126694,-0.0036735946552546718,-0.003325092030577757,0.003871666895090117,1.0061255094049366,1.0017701272019495,NaN,consolidated_two_camp,4,0.48089390252091246,0.9661062054044791,0.9066717840672841
composition,1,distance,-0.010923085946419886,-1.6820015008114883e-7,-2.0074773848452338e-7,-0.008254116446055018,-0.008658469304367856,0.007793834651619447,0.0,0.005814340449962797,-0.0036735946552546718,-0.003325092030577757,0.003871666895090117,1.0061448091776366,1.0017701272019495,1.0061448091776366,consolidated_two_camp,4,0.48089390252091246,0.9661062054044791,0.9066717840672841
exposure,0,camp_pair,0.00251193287131235,5.5734033088802976e-8,6.59559635371498e-8,-0.007122484989913086,-0.007092524579534623,0.006956312659453526,0.0,-0.0003288650415214575,-0.010478283675798445,-0.009919837595728424,0.010383716389163824,1.0100950164343205,1.0056125390154316,NaN,consolidated_two_camp,5,0.8220626578865291,0.8252463355872511,0.854053145059346
engagement,0,camp_pair,0.003275133249179607,7.594335781615746e-8,9.147650334272567e-8,-0.0005055500100085413,-0.0005416203435584816,0.0005439130733234862,0.0,0.0004264854590377079,-0.010478283675798445,-0.009919837595728424,0.010383716389163824,1.005978983997039,1.0056125390154316,NaN,consolidated_two_camp,5,0.8220626578865291,0.8252463355872511,0.854053145059346
composition,0,camp_pair,-0.014837588086396902,-3.43327581423905e-7,-4.1567693196237296e-7,-0.0003091736080978458,-0.000266203578722507,0.0004080994454021391,0.0,0.00010405565652094051,-0.010478283675798445,-0.009919837595728424,0.010383716389163824,1.00576427201855,1.0056125390154316,1.00576427201855,consolidated_two_camp,5,0.8220626578865291,0.8252463355872511,0.854053145059346
exposure,1,camp_pair,0.00222546420262848,4.738760732126312e-8,5.623551328216708e-8,-0.00551913905661445,-0.005418906712662789,0.005178249796969231,0.0,-0.00003529335996414751,-0.012699120450063857,-0.011792439549008696,0.012479579502979501,1.0104021163466068,1.0072081310471765,NaN,consolidated_two_camp,5,0.8220626578865291,0.8252463355872511,0.854053145059346
engagement,1,camp_pair,0.003091079390735718,6.957659510513242e-8,8.421641757671421e-8,0.00001515952029269678,-0.00001912534645324808,-0.00001343316327297693,0.0,-0.000022412462487061968,-0.012699120450063857,-0.011792439549008696,0.012479579502979501,1.0071653289036289,1.0072081310471765,NaN,consolidated_two_camp,5,0.8220626578865291,0.8252463355872511,0.854053145059346
composition,1,camp_pair,-0.014568887977547185,-3.2689855672464346e-7,-3.9649706013355064e-7,-0.0003119807240485207,-0.0003380186803496107,0.00031901005150828873,0.0,6.906317502462789e-6,-0.012699120450063857,-0.011792439549008696,0.012479579502979501,1.0073442062978135,1.0072081310471765,1.0073442062978135,consolidated_two_camp,5,0.8220626578865291,0.8252463355872511,0.854053145059346
exposure,0,distance,0.00251193287131235,5.5734033088802976e-8,6.59559635371498e-8,-0.007122484989913086,-0.007092524579534623,0.006956312659453526,0.0,-0.0003288650415214575,-0.010478283675798445,-0.009919837595728424,0.010383716389163824,1.0100950164343205,1.0056125390154316,NaN,consolidated_two_camp,5,0.8220626578865291,0.8252463355872511,0.854053145059346
engagement,0,distance,0.024827551960684868,3.770147443652509e-7,4.4947321470544866e-7,-0.00540716072789202,-0.0054877731084444145,0.005180911932783186,0.0,-0.00006085398967471678,-0.010478283675798445,-0.009919837595728424,0.010383716389163824,1.0087599169277275,1.0056125390154316,NaN,consolidated_two_camp,5,0.8220626578865291,0.8252463355872511,0.854053145059346
composition,0,distance,-0.0021238263132463686,-3.233350556818708e-8,-3.8471629621345326e-8,-0.006230346455227775,-0.0064666360960032605,0.005870599896121369,0.0,-0.0001741890603672927,-0.010478283675798445,-0.009919837595728424,0.010383716389163824,1.0093606526199448,1.0056125390154316,1.0093606526199448,consolidated_two_camp,5,0.8220626578865291,0.8252463355872511,0.854053145059346
exposure,1,distance,0.00222546420262848,4.738760732126312e-8,5.623551328216708e-8,-0.00551913905661445,-0.005418906712662789,0.005178249796969231,0.0,-0.00003529335996414751,-0.012699120450063857,-0.011792439549008696,0.012479579502979501,1.0104021163466068,1.0072081310471765,NaN,consolidated_two_camp,5,0.8220626578865291,0.8252463355872511,0.854053145059346
engagement,1,distance,0.02792528046270748,4.135118234719463e-7,4.950062123357231e-7,-0.005668105819396767,-0.006078646243426038,0.005167436311297737,0.0,-0.0000403546317834097,-0.012699120450063857,-0.011792439549008696,0.012479579502979501,1.0107417674680257,1.0072081310471765,NaN,consolidated_two_camp,5,0.8220626578865291,0.8252463355872511,0.854053145059346
composition,1,distance,-0.0007432687610391397,-1.0992335670602656e-8,-1.3137295385742259e-8,-0.005653303616316661,-0.006052197420184801,0.005259914475773212,0.0,-0.000018134946248332673,-0.012699120450063857,-0.011792439549008696,0.012479579502979501,1.0106139979081559,1.0072081310471765,1.0106139979081559,consolidated_two_camp,5,0.8220626578865291,0.8252463355872511,0.854053145059346
exposure,0,camp_pair,0.00016513340217083616,3.1544709960235373e-9,3.516619152664853e-9,-0.0010155730893490374,-0.0010162059641217382,0.0009699125458626865,0.0,-0.000020122662534989566,-0.011619911655411678,-0.010910147944064882,0.011162141511686556,1.0099862136463171,1.0091353888007868,NaN,cross_cut,0,0.6713722911991205,0.5867149138882022,0.012553017635084669
engagement,0,camp_pair,0.0043215983644682154,7.220595085242043e-8,7.919511745621535e-8,-0.0017414095180850932,-0.0016784073574291538,0.0016473721159552777,0.0,-0.00004934597461635909,-0.011619911655411678,-0.010910147944064882,0.011162141511686556,1.0104765618465246,1.0091353888007868,NaN,cross_cut,0,0.6713722911991205,0.5867149138882022,0.012553017635084669
composition,0,camp_pair,-0.018786890589027827,-3.144775793275498e-7,-3.452901282697316e-7,-0.0016090997967388339,-0.0015970554181322042,0.001574864975678757,0.0,-0.00007465825144687549,-0.011619911655411678,-0.010910147944064882,0.011162141511686556,1.0106115245307747,1.0091353888007868,1.0106115245307747,cross_cut,0,0.6713722911991205,0.5867149138882022,0.012553017635084669
exposure,1,camp_pair,0.00009998093889129755,1.911937331790059e-9,2.157225686480194e-9,-0.0006540860505776045,-0.0006370949297706489,0.0005694997418463632,0.0,-0.005241791854972144,-0.00973272637784613,-0.00894437597838093,0.009440448536731677,1.0077887341217375,1.0072236301386248,NaN,cross_cut,0,0.6713722911991205,0.5867149138882022,0.012553017635084669
engagement,1,camp_pair,0.005259677995548495,8.774758505110851e-8,9.729874013630973e-8,-0.00210744639974849,-0.0020776797842484603,0.0020085409576576264,0.0,-0.005409895909534862,-0.00973272637784613,-0.00894437597838093,0.009440448536731677,1.0089374458163973,1.0072236301386248,NaN,cross_cut,0,0.6713722911991205,0.5867149138882022,0.012553017635084669
composition,1,camp_pair,-0.018579865021415065,-3.1152839525519465e-7,-3.4517100805185156e-7,-0.0016607426839716551,-0.001590418268823746,0.0015799780803473443,0.0,-0.005311416278252351,-0.00973272637784613,-0.00894437597838093,0.009440448536731677,1.0086017290620541,1.0072236301386248,1.0086017290620541,cross_cut,0,0.6713722911991205,0.5867149138882022,0.012553017635084669
exposure,0,distance,0.00016513340217083616,3.1544709960235373e-9,3.516619152664853e-9,-0.0010155730893490374,-0.0010162059641217382,0.0009699125458626865,0.0,-0.000020122662534989566,-0.011619911655411678,-0.010910147944064882,0.011162141511686556,1.0099862136463171,1.0091353888007868,NaN,cross_cut,0,0.6713722911991205,0.5867149138882022,0.012553017635084669
engagement,0,distance,0.02147134923333427,2.5501020491382536e-7,2.791423345770781e-7,-0.011975447101578244,-0.011699946165230386,0.011211360275706897,0.0,-0.000019873053827619558,-0.011619911655411678,-0.010910147944064882,0.011162141511686556,1.0175537139444821,1.0091353888007868,NaN,cross_cut,0,0.6713722911991205,0.5867149138882022,0.012553017635084669
composition,0,distance,-0.01538035485819278,-1.8222737444838723e-7,-1.999812097178845e-7,-0.01213724416949803,-0.01202410499619211,0.01137862658424643,0.0,-0.00010001151645673556,-0.011619911655411678,-0.010910147944064882,0.011162141511686556,1.017884998103118,1.0091353888007868,1.017884998103118,cross_cut,0,0.6713722911991205,0.5867149138882022,0.012553017635084669
exposure,1,distance,0.00009998093889129755,1.911937331790059e-9,2.157225686480194e-9,-0.0006540860505776045,-0.0006370949297706489,0.0005694997418463632,0.0,-0.005241791854972144,-0.00973272637784613,-0.00894437597838093,0.009440448536731677,1.0077887341217375,1.0072236301386248,NaN,cross_cut,0,0.6713722911991205,0.5867149138882022,0.012553017635084669
engagement,1,distance,0.021063386596817057,2.475715396899043e-7,2.735682394547316e-7,-0.0111654004567515,-0.011017035483720978,0.01040753414105551,0.0,-0.005253068478220893,-0.00973272637784613,-0.00894437597838093,0.009440448536731677,1.0153943448229656,1.0072236301386248,NaN,cross_cut,0,0.6713722911991205,0.5867149138882022,0.012553017635084669
composition,1,distance,-0.014311681095835693,-1.682618638994979e-7,-1.8585150632204883e-7,-0.011967806983430865,-0.011782689881778666,0.01109197527177539,0.0,0.00003548023654811189,-0.00973272637784613,-0.00894437597838093,0.009440448536731677,1.0160218005227954,1.0072236301386248,1.0160218005227954,cross_cut,0,0.6713722911991205,0.5867149138882022,0.012553017635084669
exposure,0,camp_pair,0.00015664733931136654,2.9677049733132492e-9,3.2453662739572085e-9,-0.00004640463604505332,-0.00003943030666002725,0.00004876009453011476,0.0,0.00007227524620041781,-0.010545696096023755,-0.010174414471763217,0.010499190079286716,1.0052800526304182,1.005326756633829,NaN,cross_cut,1,0.28406015123088235,0.9254726199002559,0.23784100162532995
engagement,0,camp_pair,0.0009811953479054725,1.6388764788800275e-8,1.7688756947998423e-8,-0.003508553426929845,-0.00351632486878891,0.0034220766840610643,0.0,0.004057277870138848,-0.010545696096023755,-0.010174414471763217,0.010499190079286716,1.007131764658297,1.005326756633829,NaN,cross_cut,1,0.28406015123088235,0.9254726199002559,0.23784100162532995
composition,0,camp_pair,-0.010539284538137517,-1.7680100213278618e-7,-1.9121311618958448e-7,-0.003965212761719064,-0.003918641865377964,0.0038834666625899242,0.0,-0.00005896101472722959,-0.010545696096023755,-0.010174414471763217,0.010499190079286716,1.0073311776293061,1.005326756633829,1.0073311776293061,cross_cut,1,0.28406015123088235,0.9254726199002559,0.23784100162532995
exposure,1,camp_pair,0.0003308258354091098,6.146665590448326e-9,6.766323101652789e-9,-0.0013958340368697367,-0.0013917142715619592,0.001377453014868345,0.0,-6.97745696450619e-6,-0.010654728290806777,-0.010095668996989023,0.01063428636034644,1.0061398877229975,1.0054282029648722,NaN,cross_cut,1,0.28406015123088235,0.9254726199002559,0.23784100162532995
engagement,1,camp_pair,0.0011182224711662192,1.8460741108517314e-8,2.0099623812169164e-8,-0.004076202252085043,-0.004029339197523083,0.0039878168354967915,0.0,0.000020010726737788864,-0.010654728290806777,-0.010095668996989023,0.01063428636034644,1.0076134112897714,1.0054282029648722,NaN,cross_cut,1,0.28406015123088235,0.9254726199002559,0.23784100162532995
composition,1,camp_pair,-0.01057187294026185,-1.7209625492856667e-7,-1.8745452666386245e-7,-0.003910265013096378,-0.0038724388607245374,0.0038733939062696905,0.0,0.00005800874528784361,-0.010654728290806777,-0.010095668996989023,0.01063428636034644,1.0075200309175831,1.0054282029648722,1.0075200309175831,cross_cut,1,0.28406015123088235,0.9254726199002559,0.23784100162532995
exposure,0,distance,0.00015664733931136654,2.9677049733132492e-9,3.2453662739572085e-9,-0.00004640463604505332,-0.00003943030666002725,0.00004876009453011476,0.0,0.00007227524620041781,-0.010545696096023755,-0.010174414471763217,0.010499190079286716,1.0052800526304182,1.005326756633829,NaN,cross_cut,1,0.28406015123088235,0.9254726199002559,0.23784100162532995
engagement,0,distance,0.004505517084285704,5.047180495010198e-8,5.439146597797675e-8,-0.02400411485312606,-0.023851847934808566,0.02334866749933831,0.0,-0.00009767165070900113,-0.010545696096023755,-0.010174414471763217,0.010499190079286716,1.0174403630890354,1.005326756633829,NaN,cross_cut,1,0.28406015123088235,0.9254726199002559,0.23784100162532995
composition,0,distance,-0.013844760336603978,-1.5661493593443415e-7,-1.6895598570474573e-7,-0.022759585468002965,-0.022731824745532273,0.02213946631059794,0.0,-0.00006212968014946557,-0.010545696096023755,-0.010174414471763217,0.010499190079286716,1.0168034454775827,1.005326756633829,1.0168034454775827,cross_cut,1,0.28406015123088235,0.9254726199002559,0.23784100162532995
exposure,1,distance,0.0003308258354091098,6.146665590448326e-9,6.766323101652789e-9,-0.0013958340368697367,-0.0013917142715619592,0.001377453014868345,0.0,-6.97745696450619e-6,-0.010654728290806777,-0.010095668996989023,0.01063428636034644,1.0061398877229975,1.0054282029648722,NaN,cross_cut,1,0.28406015123088235,0.9254726199002559,0.23784100162532995
engagement,1,distance,0.00469888953387082,5.201914683793668e-8,5.6249201358330086e-8,-0.023234973482547036,-0.023211709538245855,0.02249889909715807,0.0,-2.0791579615903055e-6,-0.010654728290806777,-0.010095668996989023,0.01063428636034644,1.0174705891338705,1.0054282029648722,NaN,cross_cut,1,0.28406015123088235,0.9254726199002559,0.23784100162532995
composition,1,distance,-0.014109411920082804,-1.5596369818586878e-7,-1.6861353410154046e-7,-0.023528480859171558,-0.023549078101568484,0.02273374700231416,0.0,0.000016437639885680255,-0.010654728290806777,-0.010095668996989023,0.01063428636034644,1.017735951787677,1.0054282029648722,1.017735951787677,cross_cut,1,0.28406015123088235,0.9254726199002559,0.23784100162532995
exposure,0,camp_pair,-0.00020643297318168052,-4.155671327260805e-9,-4.648553710630529e-9,0.00016029743226843654,0.00013745481809495502,-0.0001997917997221049,0.0,-0.000028935103098037818,-0.005924086584199914,-0.005510562709443339,0.0059373014751123564,1.0037556286576719,1.0038802244673228,1.0037556286576719,cross_cut,2,0.3442223712767859,0.6696551311424563,0.17656468581308116
engagement,0,camp_pair,0.001200569372193372,2.1025365093314862e-8,2.3192237611431672e-8,-0.0013822364731349741,-0.0013517751253603995,0.001274314710900391,0.0,-0.000144863537355433,-0.005924086584199914,-0.005510562709443339,0.0059373014751123564,1.0046899014642354,1.0038802244673228,NaN,cross_cut,2,0.3442223712767859,0.6696551311424563,0.17656468581308116
composition,0,camp_pair,-0.010628640061118078,-1.8646082700814141e-7,-2.054597835170029e-7,-0.0013207081417951592,-0.0012624731465149773,0.0012486608986702862,0.0,-0.00008988572428331176,-0.005924086584199914,-0.005510562709443339,0.0059373014751123564,1.0047131210891396,1.0038802244673228,1.0047131210891396,cross_cut,2,0.3442223712767859,0.6696551311424563,0.17656468581308116
exposure,1,camp_pair,-0.000054912082169567,-1.0921909057733557e-9,-1.23071590321321e-9,-0.000094932437297187,-0.00011186037246817271,0.00019102957679848018,0.0,-5.951504827683696e-6,-0.006017795395750882,-0.005429637533707807,0.006083557443395207,1.0041354569860284,1.0040394092635796,1.0041354569860284,cross_cut,2,0.3442223712767859,0.6696551311424563,0.17656468581308116
engagement,1,camp_pair,0.0011671495606236926,2.028731571889403e-8,2.2535325158783066e-8,-0.0019278056371181277,-0.0018673157484734235,0.0018338844989919468,0.0,0.000043115763907190796,-0.006017795395750882,-0.005429637533707807,0.006083557443395207,1.005343364608879,1.0040394092635796,NaN,cross_cut,2,0.3442223712767859,0.6696551311424563,0.17656468581308116
composition,1,camp_pair,-0.010745141672127922,-1.8567723642868365e-7,-2.0615762690907547e-7,-0.001281364070985753,-0.0012520792891937294,0.001287204316260667,0.0,-0.00008088469838205686,-0.006017795395750882,-0.005429637533707807,0.006083557443395207,1.0049284590416596,1.0040394092635796,1.0049284590416596,cross_cut,2,0.3442223712767859,0.6696551311424563,0.17656468581308116
exposure,0,distance,-0.00020643297318168052,-4.155671327260805e-9,-4.648553710630529e-9,0.00016029743226843654,0.00013745481809495502,-0.0001997917997221049,0.0,-0.000028935103098037818,-0.005924086584199914,-0.005510562709443339,0.0059373014751123564,1.0037556286576719,1.0038802244673228,1.0037556286576719,cross_cut,2,0.3442223712767859,0.6696551311424563,0.17656468581308116
engagement,0,distance,0.004760547253512937,5.7247014761212834e-8,6.285048655356116e-8,-0.013496044006090746,-0.013374530019353082,0.01279866270826909,0.0,-0.00042012718076056554,-0.005924086584199914,-0.005510562709443339,0.0059373014751123564,1.0127629940368483,1.0038802244673228,NaN,cross_cut,2,0.3442223712767859,0.6696551311424563,0.17656468581308116
composition,0,distance,-0.013197818692972207,-1.5925354087546255e-7,-1.7475693771232116e-7,-0.013308203310635614,-0.013122374378431586,0.012654073798859378,0.0,-0.0001640653264900968,-0.005924086584199914,-0.005510562709443339,0.0059373014751123564,1.0126003481450763,1.0038802244673228,1.0126003481450763,cross_cut,2,0.3442223712767859,0.6696551311424563,0.17656468581308116
exposure,1,distance,-0.000054912082169567,-1.0921909057733557e-9,-1.23071590321321e-9,-0.000094932437297187,-0.00011186037246817271,0.00019102957679848018,0.0,-5.951504827683696e-6,-0.006017795395750882,-0.005429637533707807,0.006083557443395207,1.0041354569860284,1.0040394092635796,1.0041354569860284,cross_cut,2,0.3442223712767859,0.6696551311424563,0.17656468581308116
engagement,1,distance,0.005341039666841851,6.375305473867352e-8,7.046040562045661e-8,-0.013625581037332093,-0.013616267857108705,0.012797303848066693,0.0,-0.0000663154262838736,-0.006017795395750882,-0.005429637533707807,0.006083557443395207,1.0132256100885435,1.0040394092635796,NaN,cross_cut,2,0.3442223712767859,0.6696551311424563,0.17656468581308116
composition,1,distance,-0.013545005317680325,-1.6064191889845972e-7,-1.7703575111332279e-7,-0.013755754876397828,-0.013676769789567677,0.012889559982571151,0.0,-0.005745127327515642,-0.006017795395750882,-0.005429637533707807,0.006083557443395207,1.013317590654444,1.0040394092635796,1.013317590654444,cross_cut,2,0.3442223712767859,0.6696551311424563,0.17656468581308116
exposure,0,camp_pair,-2.4743487710976453e-6,-4.8152196534029604e-11,-5.3071419065646684e-11,-0.00019217727061705478,-0.0002514706849683166,0.00012944053345442623,0.0,-0.0001943891725936439,-0.008648747804535162,-0.008123353662630738,0.008569513114016934,1.0056699876544217,1.0054305698760364,1.0056699876544217,cross_cut,3,0.4812896391054057,0.7162086776726564,0.07694771984195076
engagement,0,camp_pair,0.001805360126411415,3.0005819243296406e-8,3.264901848978977e-8,-0.0010003000008274796,-0.0010190917087412252,0.0009452298169024976,0.0,0.00019615928035439378,-0.008648747804535162,-0.008123353662630738,0.008569513114016934,1.0059508098884613,1.0054305698760364,NaN,cross_cut,3,0.4812896391054057,0.7162086776726564,0.07694771984195076
composition,0,camp_pair,-0.01579050840077867,-2.6541346019394677e-7,-2.8937834956619696e-7,-0.0013700091150179085,-0.0014104129171389236,0.0012628339291356466,0.0,0.0001458093433800295,-0.008648747804535162,-0.008123353662630738,0.008569513114016934,1.0063180491982286,1.0054305698760364,1.0063180491982286,cross_cut,3,0.4812896391054057,0.7162086776726564,0.07694771984195076
exposure,1,camp_pair,-0.0005062126002496337,-9.705182236040446e-9,-1.0793215501793856e-8,0.00038753974819502254,0.00037807556009206676,-0.0003978117194936414,0.0,-0.00005482760262489478,-0.00948376352895957,-0.008788062084621857,0.009399621158765427,1.0059911887023454,1.0062016715734252,1.0059911887023454,cross_cut,3,0.4812896391054057,0.7162086776726564,0.07694771984195076
engagement,1,camp_pair,0.0019765839250504014,3.284125751919718e-8,3.607365767617034e-8,-0.001857496369478748,-0.0018726816028812997,0.0017725563029954688,0.0,-0.00006366143133599428,-0.00948376352895957,-0.008788062084621857,0.009399621158765427,1.0074161492191223,1.0062016715734252,NaN,cross_cut,3,0.4812896391054057,0.7162086776726564,0.07694771984195076
composition,1,camp_pair,-0.01602589485766681,-2.645846930438635e-7,-2.903610033458375e-7,-0.001495221158700136,-0.0015957575563508766,0.0014284612508720148,0.0,-0.00002098193398517717,-0.00948376352895957,-0.008788062084621857,0.009399621158765427,1.0072290770016694,1.0062016715734252,1.0072290770016694,cross_cut,3,0.4812896391054057,0.7162086776726564,0.07694771984195076
exposure,0,distance,-2.4743487710976453e-6,-4.8152196534029604e-11,-5.3071419065646684e-11,-0.00019217727061705478,-0.0002514706849683166,0.00012944053345442623,0.0,-0.0001943891725936439,-0.008648747804535162,-0.008123353662630738,0.008569513114016934,1.0056699876544217,1.0054305698760364,1.0056699876544217,cross_cut,3,0.4812896391054057,0.7162086776726564,0.07694771984195076
engagement,0,distance,0.010637969595973407,1.2252196482549273e-7,1.3264301241862104e-7,-0.01713190409134858,-0.017002334742485716,0.016340142382581073,0.0,-0.00034762635393347646,-0.008648747804535162,-0.008123353662630738,0.008569513114016934,1.0160218696743375,1.0054305698760364,NaN,cross_cut,3,0.4812896391054057,0.7162086776726564,0.07694771984195076
composition,0,distance,-0.01706492207650112,-1.9828407186016198e-7,-2.1490721200540413e-7,-0.016708092280524375,-0.016512806408636033,0.016033765089019845,0.0,0.0006939552997810711,-0.008648747804535162,-0.008123353662630738,0.008569513114016934,1.0158894329874633,1.0054305698760364,1.0158894329874633,cross_cut,3,0.4812896391054057,0.7162086776726564,0.07694771984195076
exposure,1,distance,-0.0005062126002496337,-9.705182236040446e-9,-1.0793215501793856e-8,0.00038753974819502254,0.00037807556009206676,-0.0003978117194936414,0.0,-0.00005482760262489478,-0.00948376352895957,-0.008788062084621857,0.009399621158765427,1.0059911887023454,1.0062016715734252,1.0059911887023454,cross_cut,3,0.4812896391054057,0.7162086776726564,0.07694771984195076
engagement,1,distance,0.010388949356878396,1.1806697605325934e-7,1.2861749271892435e-7,-0.01553535016874361,-0.01540161667841088,0.014718283445152624,0.0,-0.00009062616181979011,-0.00948376352895957,-0.008788062084621857,0.009399621158765427,1.0161269372714377,1.0062016715734252,NaN,cross_cut,3,0.4812896391054057,0.7162086776726564,0.07694771984195076
composition,1,distance,-0.017987669450083787,-2.0512560525120922e-7,-2.23874811132759e-7,-0.014855504833976924,-0.01463922989073654,0.014146090119488365,0.0,-0.00002972992419732201,-0.00948376352895957,-0.008788062084621857,0.009399621158765427,1.0155530054309434,1.0062016715734252,1.0155530054309434,cross_cut,3,0.4812896391054057,0.7162086776726564,0.07694771984195076
exposure,0,camp_pair,0.000029123252222262863,5.64283819772197e-10,6.231972143769336e-10,-0.0014192569830741766,-0.0014010826899552454,0.0013734783272359614,0.0,-9.884636257874446e-6,-0.012820328077340211,-0.012348135121060089,0.012644407435234446,1.007923664114541,1.0070681752853794,NaN,cross_cut,4,0.5440782898978583,0.8640995441207491,0.2978034381535035
engagement,0,camp_pair,0.0024359181232267435,4.1611884781542965e-8,4.53447156222402e-8,-0.0026277574655418842,-0.002622243963458587,0.002564111352821495,0.0,-0.000049569715718553176,-0.012820328077340211,-0.012348135121060089,0.012644407435234446,1.0086120981330313,1.0070681752853794,NaN,cross_cut,4,0.5440782898978583,0.8640995441207491,0.2978034381535035
composition,0,camp_pair,-0.017767828582325285,-3.0420717691929536e-7,-3.3203447044261633e-7,-0.003841463154683299,-0.0038046765046738443,0.003754507624891476,0.0,-0.00008881715003310892,-0.012820328077340211,-0.012348135121060089,0.012644407435234446,1.0092145692939625,1.0070681752853794,1.0092145692939625,cross_cut,4,0.5440782898978583,0.8640995441207491,0.2978034381535035
exposure,1,camp_pair,0.00004793378609524446,9.165685621592913e-10,1.0178537382465432e-9,0.0005246518396578304,0.0004434011179565711,-0.0005030095902418558,0.0,0.006496940868751702,-0.012976317622619178,-0.012345575552361253,0.012800136086196765,1.0071225639633583,1.0073754468812715,NaN,cross_cut,4,0.5440782898978583,0.8640995441207491,0.2978034381535035
engagement,1,camp_pair,0.0033714438425158644,5.727222115133885e-8,6.290359241218472e-8,-0.0022038894710281077,-0.002136613527147599,0.0021780485315653283,0.0,-0.00012674703394188053,-0.012976317622619178,-0.012345575552361253,0.012800136086196765,1.0086199409127303,1.0073754468812715,NaN,cross_cut,4,0.5440782898978583,0.8640995441207491,0.2978034381535035
composition,1,camp_pair,-0.018707090065914533,-3.146481324370864e-7,-3.4601749899960296e-7,-0.0025791550376580343,-0.002552356316661883,0.002537348613118348,0.0,-0.00022321612312530686,-0.012976317622619178,-0.012345575552361253,0.012800136086196765,1.008811005775371,1.0073754468812715,1.008811005775371,cross_cut,4,0.5440782898978583,0.8640995441207491,0.2978034381535035
exposure,0,distance,0.000029123252222262863,5.64283819772197e-10,6.231972143769336e-10,-0.0014192569830741766,-0.0014010826899552454,0.0013734783272359614,0.0,-9.884636257874446e-6,-0.012820328077340211,-0.012348135121060089,0.012644407435234446,1.007923664114541,1.0070681752853794,NaN,cross_cut,4,0.5440782898978583,0.8640995441207491,0.2978034381535035
engagement,0,distance,0.013788663857872141,1.6071078414266232e-7,1.7460193306326472e-7,-0.02000286335406601,-0.019806196588325116,0.01942806134180444,0.0,-0.00017007417894913945,-0.012820328077340211,-0.012348135121060089,0.012644407435234446,1.0178571256170625,1.0070681752853794,NaN,cross_cut,4,0.5440782898978583,0.8640995441207491,0.2978034381535035
composition,0,distance,-0.018727189258253896,-2.1706894692724137e-7,-2.3573411115346915e-7,-0.019200512519558045,-0.0190915720109045,0.018639948817044245,0.0,-0.00015154955410422166,-0.012820328077340211,-0.012348135121060089,0.012644407435234446,1.0173222466131424,1.0070681752853794,1.0173222466131424,cross_cut,4,0.5440782898978583,0.8640995441207491,0.2978034381535035
exposure,1,distance,0.00004793378609524446,9.165685621592913e-10,1.0178537382465432e-9,0.0005246518396578304,0.0004434011179565711,-0.0005030095902418558,0.0,0.006496940868751702,-0.012976317622619178,-0.012345575552361253,0.012800136086196765,1.0071225639633583,1.0073754468812715,NaN,cross_cut,4,0.5440782898978583,0.8640995441207491,0.2978034381535035
engagement,1,distance,0.014389696388444895,1.6404683685539742e-7,1.791345141660533e-7,-0.018479140770911347,-0.01855178590772777,0.01776774833081426,0.0,0.006441417278236168,-0.012976317622619178,-0.012345575552361253,0.012800136086196765,1.0175989382172188,1.0073754468812715,NaN,cross_cut,4,0.5440782898978583,0.8640995441207491,0.2978034381535035
composition,1,distance,-0.019739399218934084,-2.2631215999328247e-7,-2.4739189395831664e-7,-0.018322689455809962,-0.018327640961353947,0.01773745668202571,0.0,-0.00032428780308706856,-0.012976317622619178,-0.012345575552361253,0.012800136086196765,1.0175160306531001,1.0073754468812715,1.0175160306531001,cross_cut,4,0.5440782898978583,0.8640995441207491,0.2978034381535035
exposure,0,camp_pair,0.0001887209342248397,3.805394596512405e-9,4.376746543863256e-9,-0.00037605087871494733,-0.0004192757925324418,0.0003082709979977446,0.0,-0.0012249634043764446,-0.006850747651761623,-0.006152640581229816,0.006584100684848447,1.0065245161958227,1.0059749751030431,NaN,cross_cut,5,0.618863956348777,0.5008076451955685,0.1543103894957973
engagement,0,camp_pair,0.003418212991859848,6.101772566690196e-8,6.90827201265127e-8,-0.0004717966600358992,-0.000491735355424165,0.00041661198174890775,0.0,-0.001506875301386719,-0.006850747651761623,-0.006152640581229816,0.006584100684848447,1.006400375727202,1.0059749751030431,NaN,cross_cut,5,0.618863956348777,0.5008076451955685,0.1543103894957973
composition,0,camp_pair,-0.016141803922879117,-2.8875181429786263e-7,-3.271081103791338e-7,-0.0005374148899309006,-0.0005167024897851846,0.0005292168918415146,0.0,-0.0002634714227718882,-0.006850747651761623,-0.006152640581229816,0.006584100684848447,1.0064480261538562,1.0059749751030431,1.0064480261538562,cross_cut,5,0.618863956348777,0.5008076451955685,0.1543103894957973
exposure,1,camp_pair,-0.00018117725918131988,-3.663106736379294e-9,-4.251091278099437e-9,0.00020987086443349096,0.0001876492967201309,-0.0002142736432537923,0.0,0.001381588966725772,-0.006223721789563409,-0.005533854451213122,0.0060995274261692305,1.0049267603735992,1.0051445618624941,1.0049267603735992,cross_cut,5,0.618863956348777,0.5008076451955685,0.1543103894957973
engagement,1,camp_pair,0.004367391172654944,7.752260810222312e-8,8.814643010989453e-8,-0.0009121672333906828,-0.0008835853527193556,0.0007779999686219133,0.0,0.000945748726257925,-0.006223721789563409,-0.005533854451213122,0.0060995274261692305,1.0060705092921831,1.0051445618624941,NaN,cross_cut,5,0.618863956348777,0.5008076451955685,0.1543103894957973
composition,1,camp_pair,-0.015597998097477639,-2.765602499552773e-7,-3.1464070071968447e-7,-0.0009986364491106434,-0.0009436149939466764,0.0009251025701345712,0.0,-0.00009519122064874375,-0.006223721789563409,-0.005533854451213122,0.0060995274261692305,1.0060690708472164,1.0051445618624941,1.0060690708472164,cross_cut,5,0.618863956348777,0.5008076451955685,0.1543103894957973
exposure,0,distance,0.0001887209342248397,3.805394596512405e-9,4.376746543863256e-9,-0.00037605087871494733,-0.0004192757925324418,0.0003082709979977446,0.0,-0.0012249634043764446,-0.006850747651761623,-0.006152640581229816,0.006584100684848447,1.0065245161958227,1.0059749751030431,NaN,cross_cut,5,0.618863956348777,0.5008076451955685,0.1543103894957973
engagement,0,distance,0.014552903665099537,1.8453632503740124e-7,2.0849133486768867e-7,-0.00907258839503547,-0.00901964255034779,0.008344206597710839,0.0,-0.0018248185358193114,-0.006850747651761623,-0.006152640581229816,0.006584100684848447,1.013390552727431,1.0059749751030431,NaN,cross_cut,5,0.618863956348777,0.5008076451955685,0.1543103894957973
composition,0,distance,-0.013947551636735556,-1.7528215498838228e-7,-1.978769065734409e-7,-0.008550245414262993,-0.008475967905660704,0.007873397933551695,0.0,-0.0014968818115513038,-0.006850747651761623,-0.006152640581229816,0.006584100684848447,1.0130412601859178,1.0059749751030431,1.0130412601859178,cross_cut,5,0.618863956348777,0.5008076451955685,0.1543103894957973
exposure,1,distance,-0.00018117725918131988,-3.663106736379294e-9,-4.251091278099437e-9,0.00020987086443349096,0.0001876492967201309,-0.0002142736432537923,0.0,0.001381588966725772,-0.006223721789563409,-0.005533854451213122,0.0060995274261692305,1.0049267603735992,1.0051445618624941,1.0049267603735992,cross_cut,5,0.618863956348777,0.5008076451955685,0.1543103894957973
engagement,1,distance,0.015394737830663807,1.929189316991918e-7,2.1831243289793678e-7,-0.009127354202869586,-0.00899186467253078,0.008178577365503498,0.0,0.0010545441205261769,-0.006223721789563409,-0.005533854451213122,0.0060995274261692305,1.012715251155641,1.0051445618624941,NaN,cross_cut,5,0.618863956348777,0.5008076451955685,0.1543103894957973
composition,1,distance,-0.014547130913672435,-1.8310484868745747e-7,-2.0639790743139901e-7,-0.008762440728843504,-0.00864614029173618,0.0078026114798973745,0.0,-0.0006365571432468062,-0.006223721789563409,-0.005533854451213122,0.0060995274261692305,1.0123695230034206,1.0051445618624941,1.0123695230034206,cross_cut,5,0.618863956348777,0.5008076451955685,0.1543103894957973
exposure,0,camp_pair,-0.00005005083549658451,-1.5719977228111596e-9,-2.3791812281496656e-9,NaN,NaN,NaN,0.0,0.000037320339301028654,NaN,NaN,NaN,0.9974474354160554,0.9977217798962632,0.9974474354160554,low_tribalization,0,0.28233384987474897,0.19915329496765338,0.30194285466433396
engagement,0,camp_pair,0.0,0.0,0.0,NaN,NaN,NaN,0.0,0.0,NaN,NaN,NaN,0.9977217798962632,0.9977217798962632,NaN,low_tribalization,0,0.28233384987474897,0.19915329496765338,0.30194285466433396
composition,0,camp_pair,-0.00360945308755245,-1.1673144748075579e-7,-1.7847374839559186e-7,NaN,NaN,NaN,0.0,0.0,NaN,NaN,NaN,0.9977217798962632,0.9977217798962632,0.9977217798962632,low_tribalization,0,0.28233384987474897,0.19915329496765338,0.30194285466433396
exposure,1,camp_pair,0.00008726710416395722,2.7320488436527838e-9,4.146296582123686e-9,NaN,NaN,NaN,0.0,0.00004588955071881118,NaN,NaN,NaN,0.9975826042664074,0.9977309575407698,NaN,low_tribalization,0,0.28233384987474897,0.19915329496765338,0.30194285466433396
engagement,1,camp_pair,0.0,0.0,0.0,NaN,NaN,NaN,0.0,0.0,NaN,NaN,NaN,0.9977309575407698,0.9977309575407698,NaN,low_tribalization,0,0.28233384987474897,0.19915329496765338,0.30194285466433396
composition,1,camp_pair,-0.003562412441644347,-1.1506871803496066e-7,-1.7749053069823861e-7,NaN,NaN,NaN,0.0,0.0,NaN,NaN,NaN,0.9977309575407698,0.9977309575407698,0.9977309575407698,low_tribalization,0,0.28233384987474897,0.19915329496765338,0.30194285466433396
exposure,0,distance,-0.00005005083549658451,-1.5719977228111596e-9,-2.3791812281496656e-9,NaN,NaN,NaN,0.0,0.000037320339301028654,NaN,NaN,NaN,0.9974474354160554,0.9977217798962632,0.9974474354160554,low_tribalization,0,0.28233384987474897,0.19915329496765338,0.30194285466433396
engagement,0,distance,0.0014494626274040856,2.880719110032764e-8,4.1590273662279e-8,NaN,NaN,NaN,0.0,0.000031103209246506613,NaN,NaN,NaN,0.9989033485439507,0.9977217798962632,NaN,low_tribalization,0,0.28233384987474897,0.19915329496765338,0.30194285466433396
composition,0,distance,-0.004712620790072952,-9.36604815580124e-8,-1.3522196752095928e-7,NaN,NaN,NaN,0.0,0.000031103209246506613,NaN,NaN,NaN,0.9989033485439507,0.9977217798962632,0.9989033485439507,low_tribalization,0,0.28233384987474897,0.19915329496765338,0.30194285466433396
exposure,1,distance,0.00008726710416395722,2.7320488436527838e-9,4.146296582123686e-9,NaN,NaN,NaN,0.0,0.00004588955071881118,NaN,NaN,NaN,0.9975826042664074,0.9977309575407698,NaN,low_tribalization,0,0.28233384987474897,0.19915329496765338,0.30194285466433396
engagement,1,distance,0.0015628561895875692,3.123713202725394e-8,4.481822114615495e-8,NaN,NaN,NaN,0.0,0.00004066826726711881,NaN,NaN,NaN,0.9996197403783365,0.9977309575407698,NaN,low_tribalization,0,0.28233384987474897,0.19915329496765338,0.30194285466433396
composition,1,distance,-0.00475319226455051,-9.500304334327051e-8,-1.363078851925815e-7,NaN,NaN,NaN,0.0,0.00004066826726711881,NaN,NaN,NaN,0.9996197403783365,0.9977309575407698,0.9996197403783365,low_tribalization,0,0.28233384987474897,0.19915329496765338,0.30194285466433396
exposure,0,camp_pair,-0.00004098003783947757,-1.2689282501773516e-9,-1.7946151889414305e-9,NaN,NaN,NaN,0.0,2.992051799250925e-6,NaN,NaN,NaN,0.997763702859396,0.9975770979329591,0.997763702859396,low_tribalization,1,0.33265981952231605,0.2517141945764657,0.03127342398215099
engagement,0,camp_pair,0.0,0.0,0.0,NaN,NaN,NaN,0.0,0.0,NaN,NaN,NaN,0.9975770979329591,0.9975770979329591,NaN,low_tribalization,1,0.33265981952231605,0.2517141945764657,0.03127342398215099
composition,0,camp_pair,-0.004258995555517564,-1.353437001244936e-7,-1.91510209789899e-7,NaN,NaN,NaN,0.0,0.0,NaN,NaN,NaN,0.9975770979329591,0.9975770979329591,0.9975770979329591,low_tribalization,1,0.33265981952231605,0.2517141945764657,0.03127342398215099
exposure,1,camp_pair,0.00008915681713794754,2.757455761542311e-9,3.9200148231598464e-9,NaN,NaN,NaN,0.0,-0.00005894613051531106,NaN,NaN,NaN,0.9978371815937125,0.9980984394588823,NaN,low_tribalization,1,0.33265981952231605,0.2517141945764657,0.03127342398215099
engagement,1,camp_pair,0.0,0.0,0.0,NaN,NaN,NaN,0.0,0.0,NaN,NaN,NaN,0.9980984394588823,0.9980984394588823,NaN,low_tribalization,1,0.33265981952231605,0.2517141945764657,0.03127342398215099
composition,1,camp_pair,-0.004343541816645646,-1.3867826112338833e-7,-1.9848025117189025e-7,NaN,NaN,NaN,0.0,0.0,NaN,NaN,NaN,0.9980984394588823,0.9980984394588823,0.9980984394588823,low_tribalization,1,0.33265981952231605,0.2517141945764657,0.03127342398215099
exposure,0,distance,-0.00004098003783947757,-1.2689282501773516e-9,-1.7946151889414305e-9,NaN,NaN,NaN,0.0,2.992051799250925e-6,NaN,NaN,NaN,0.997763702859396,0.9975770979329591,0.997763702859396,low_tribalization,1,0.33265981952231605,0.2517141945764657,0.03127342398215099
engagement,0,distance,0.002435574933692175,4.705061206784845e-8,6.340166428978719e-8,NaN,NaN,NaN,0.0,0.00004818314221108691,NaN,NaN,NaN,0.9991340867577204,0.9975770979329591,NaN,low_tribalization,1,0.33265981952231605,0.2517141945764657,0.03127342398215099
composition,0,distance,-0.005372714607249862,-1.0379048792137278e-7,-1.3985981015878854e-7,NaN,NaN,NaN,0.0,0.00004818314221108691,NaN,NaN,NaN,0.9991340867577204,0.9975770979329591,0.9991340867577204,low_tribalization,1,0.33265981952231605,0.2517141945764657,0.03127342398215099
exposure,1,distance,0.00008915681713794754,2.757455761542311e-9,3.9200148231598464e-9,NaN,NaN,NaN,0.0,-0.00005894613051531106,NaN,NaN,NaN,0.9978371815937125,0.9980984394588823,NaN,low_tribalization,1,0.33265981952231605,0.2517141945764657,0.03127342398215099
engagement,1,distance,0.0021821525466584335,4.217534879509922e-8,5.676775615656695e-8,NaN,NaN,NaN,0.0,-0.0001848123800905939,NaN,NaN,NaN,0.999657915025957,0.9980984394588823,NaN,low_tribalization,1,0.33265981952231605,0.2517141945764657,0.03127342398215099
composition,1,distance,-0.005639047850791279,-1.0898816874355004e-7,-1.4669739466158375e-7,NaN,NaN,NaN,0.0,-0.0001848123800905939,NaN,NaN,NaN,0.999657915025957,0.9980984394588823,0.999657915025957,low_tribalization,1,0.33265981952231605,0.2517141945764657,0.03127342398215099
exposure,0,camp_pair,0.0000798647994935675,2.496399083944971e-9,3.907279818667686e-9,NaN,NaN,NaN,0.0,7.608739159663258e-6,NaN,NaN,NaN,0.9975599981923057,0.9971801216460837,NaN,low_tribalization,2,0.00633748325744408,0.14204905971493076,0.05873046715614793
engagement,0,camp_pair,0.0,0.0,0.0,NaN,NaN,NaN,0.0,0.0,NaN,NaN,NaN,0.9971801216460837,0.9971801216460837,NaN,low_tribalization,2,0.00633748325744408,0.14204905971493076,0.05873046715614793
composition,0,camp_pair,-0.0014531281656285366,-4.697966976911631e-8,-7.271821876737911e-8,NaN,NaN,NaN,0.0,0.0,NaN,NaN,NaN,0.9971801216460837,0.9971801216460837,0.9971801216460837,low_tribalization,2,0.00633748325744408,0.14204905971493076,0.05873046715614793
exposure,1,camp_pair,0.00001892491202307167,5.930901006948407e-10,9.324913536867047e-10,NaN,NaN,NaN,0.0,-0.00039625771215022476,NaN,NaN,NaN,0.9974745316528187,0.9970143900622314,NaN,low_tribalization,2,0.00633748325744408,0.14204905971493076,0.05873046715614793
engagement,1,camp_pair,0.0,0.0,0.0,NaN,NaN,NaN,0.0,0.0,NaN,NaN,NaN,0.9970143900622314,0.9970143900622314,NaN,low_tribalization,2,0.00633748325744408,0.14204905971493076,0.05873046715614793
composition,1,camp_pair,-0.0014436331209168596,-4.672405479227302e-8,-7.323997366530665e-8,NaN,NaN,NaN,0.0,0.0,NaN,NaN,NaN,0.9970143900622314,0.9970143900622314,0.9970143900622314,low_tribalization,2,0.00633748325744408,0.14204905971493076,0.05873046715614793
exposure,0,distance,0.0000798647994935675,2.496399083944971e-9,3.907279818667686e-9,NaN,NaN,NaN,0.0,7.608739159663258e-6,NaN,NaN,NaN,0.9975599981923057,0.9971801216460837,NaN,low_tribalization,2,0.00633748325744408,0.14204905971493076,0.05873046715614793
engagement,0,distance,0.00045444284310700023,9.062575393498858e-9,1.325601899267838e-8,NaN,NaN,NaN,0.0,0.00002484700225864611,NaN,NaN,NaN,0.9989963922912642,0.9971801216460837,NaN,low_tribalization,2,0.00633748325744408,0.14204905971493076,0.05873046715614793
composition,0,distance,-0.002157757215183853,-4.3030356270492636e-8,-6.294140409497267e-8,NaN,NaN,NaN,0.0,0.00002484700225864611,NaN,NaN,NaN,0.9989963922912642,0.9971801216460837,0.9989963922912642,low_tribalization,2,0.00633748325744408,0.14204905971493076,0.05873046715614793
exposure,1,distance,0.00001892491202307167,5.930901006948407e-10,9.324913536867047e-10,NaN,NaN,NaN,0.0,-0.00039625771215022476,NaN,NaN,NaN,0.9974745316528187,0.9970143900622314,NaN,low_tribalization,2,0.00633748325744408,0.14204905971493076,0.05873046715614793
engagement,1,distance,0.0004398305963007887,8.926039498747615e-9,1.3096822687097302e-8,NaN,NaN,NaN,0.0,-0.00023131752980415365,NaN,NaN,NaN,0.998973473438551,0.9970143900622314,NaN,low_tribalization,2,0.00633748325744408,0.14204905971493076,0.05873046715614793
composition,1,distance,-0.002125512225224946,-4.313571233333224e-8,-6.329131480883023e-8,NaN,NaN,NaN,0.0,-0.00023131752980415365,NaN,NaN,NaN,0.998973473438551,0.9970143900622314,0.998973473438551,low_tribalization,2,0.00633748325744408,0.14204905971493076,0.05873046715614793
exposure,0,camp_pair,-0.00003271989995862201,-1.0335102169563792e-9,-1.7672103677354584e-9,NaN,NaN,NaN,0.0,-2.96160728849304e-6,NaN,NaN,NaN,0.9974620979279734,0.9975075011065802,0.9974620979279734,low_tribalization,3,0.10251957566288045,0.05195771814103873,0.271509587933563
engagement,0,camp_pair,0.0,0.0,0.0,NaN,NaN,NaN,0.0,0.0,NaN,NaN,NaN,0.9975075011065802,0.9975075011065802,NaN,low_tribalization,3,0.10251957566288045,0.05195771814103873,0.271509587933563
composition,0,camp_pair,-0.001990125210655197,-6.469006665762569e-8,-1.0894050857538849e-7,NaN,NaN,NaN,0.0,0.0,NaN,NaN,NaN,0.9975075011065802,0.9975075011065802,0.9975075011065802,low_tribalization,3,0.10251957566288045,0.05195771814103873,0.271509587933563
exposure,1,camp_pair,-9.456210570468748e-6,-2.990011563418943e-10,-5.065193942079784e-10,NaN,NaN,NaN,0.0,-0.00004604598016015593,NaN,NaN,NaN,0.9972426672279819,0.9974002294352741,0.9972426672279819,low_tribalization,3,0.10251957566288045,0.05195771814103873,0.271509587933563
engagement,1,camp_pair,0.0,0.0,0.0,NaN,NaN,NaN,0.0,0.0,NaN,NaN,NaN,0.9974002294352741,0.9974002294352741,NaN,low_tribalization,3,0.10251957566288045,0.05195771814103873,0.271509587933563
composition,1,camp_pair,-0.00197088155382108,-6.422738557717135e-8,-1.0746941239004744e-7,NaN,NaN,NaN,0.0,0.0,NaN,NaN,NaN,0.9974002294352741,0.9974002294352741,0.9974002294352741,low_tribalization,3,0.10251957566288045,0.05195771814103873,0.271509587933563
exposure,0,distance,-0.00003271989995862201,-1.0335102169563792e-9,-1.7672103677354584e-9,NaN,NaN,NaN,0.0,-2.96160728849304e-6,NaN,NaN,NaN,0.9974620979279734,0.9975075011065802,0.9974620979279734,low_tribalization,3,0.10251957566288045,0.05195771814103873,0.271509587933563
engagement,0,distance,0.0005694038372806021,1.1708900622673289e-8,1.8581250400750623e-8,NaN,NaN,NaN,0.0,-0.000010394049354878199,NaN,NaN,NaN,0.9985896750473198,0.9975075011065802,NaN,low_tribalization,3,0.10251957566288045,0.05195771814103873,0.271509587933563
composition,0,distance,-0.0026956764549202483,-5.543237620646203e-8,-8.796751256103147e-8,NaN,NaN,NaN,0.0,-0.000010394049354878199,NaN,NaN,NaN,0.9985896750473198,0.9975075011065802,0.9985896750473198,low_tribalization,3,0.10251957566288045,0.05195771814103873,0.271509587933563
exposure,1,distance,-9.456210570468748e-6,-2.990011563418943e-10,-5.065193942079784e-10,NaN,NaN,NaN,0.0,-0.00004604598016015593,NaN,NaN,NaN,0.9972426672279819,0.9974002294352741,0.9972426672279819,low_tribalization,3,0.10251957566288045,0.05195771814103873,0.271509587933563
engagement,1,distance,0.0005279625036554436,1.0812478315252075e-8,1.7008553321588982e-8,NaN,NaN,NaN,0.0,-0.00007493619896198345,NaN,NaN,NaN,0.9989167123358467,0.9974002294352741,NaN,low_tribalization,3,0.10251957566288045,0.05195771814103873,0.271509587933563
composition,1,distance,-0.0028531433728851974,-5.8431329187269804e-8,-9.191531757627645e-8,NaN,NaN,NaN,0.0,-0.00007493619896198345,NaN,NaN,NaN,0.9989167123358467,0.9974002294352741,0.9989167123358467,low_tribalization,3,0.10251957566288045,0.05195771814103873,0.271509587933563
exposure,0,camp_pair,0.00007752147856632252,2.3919737901916913e-9,3.235589071594078e-9,NaN,NaN,NaN,0.0,-0.000027582873078177417,NaN,NaN,NaN,0.9975769086283945,0.9976021153276671,NaN,low_tribalization,4,0.1878791542105581,0.3185202702048181,0.17941843204861835
engagement,0,camp_pair,0.0,0.0,0.0,NaN,NaN,NaN,0.0,0.0,NaN,NaN,NaN,0.9976021153276671,0.9976021153276671,NaN,low_tribalization,4,0.1878791542105581,0.3185202702048181,0.17941843204861835
composition,0,camp_pair,-0.002840172051339629,-8.971136331973938e-8,-1.2271742358017755e-7,NaN,NaN,NaN,0.0,0.0,NaN,NaN,NaN,0.9976021153276671,0.9976021153276671,0.9976021153276671,low_tribalization,4,0.1878791542105581,0.3185202702048181,0.17941843204861835
exposure,1,camp_pair,-0.00005588574879344943,-1.7221049178309327e-9,-2.3525888778551645e-9,NaN,NaN,NaN,0.0,0.0000252514921341776,NaN,NaN,NaN,0.9978571525150505,0.997921149971564,0.9978571525150505,low_tribalization,4,0.1878791542105581,0.3185202702048181,0.17941843204861835
engagement,1,camp_pair,0.0,0.0,0.0,NaN,NaN,NaN,0.0,0.0,NaN,NaN,NaN,0.997921149971564,0.997921149971564,NaN,low_tribalization,4,0.1878791542105581,0.3185202702048181,0.17941843204861835
composition,1,camp_pair,-0.0029547458416830374,-9.437067523740138e-8,-1.2887063161562445e-7,NaN,NaN,NaN,0.0,0.0,NaN,NaN,NaN,0.997921149971564,0.997921149971564,0.997921149971564,low_tribalization,4,0.1878791542105581,0.3185202702048181,0.17941843204861835
exposure,0,distance,0.00007752147856632252,2.3919737901916913e-9,3.235589071594078e-9,NaN,NaN,NaN,0.0,-0.000027582873078177417,NaN,NaN,NaN,0.9975769086283945,0.9976021153276671,NaN,low_tribalization,4,0.1878791542105581,0.3185202702048181,0.17941843204861835
engagement,0,distance,0.0012057643773127902,2.3151268716884723e-8,2.9961345226935446e-8,NaN,NaN,NaN,0.0,-0.00011621588590758972,NaN,NaN,NaN,0.9999430425047704,0.9976021153276671,NaN,low_tribalization,4,0.1878791542105581,0.3185202702048181,0.17941843204861835
composition,0,distance,-0.004034597964531761,-7.746626405536962e-8,-1.0025340335284168e-7,NaN,NaN,NaN,0.0,-0.00011621588590758972,NaN,NaN,NaN,0.9999430425047704,0.9976021153276671,0.9999430425047704,low_tribalization,4,0.1878791542105581,0.3185202702048181,0.17941843204861835
exposure,1,distance,-0.00005588574879344943,-1.7221049178309327e-9,-2.3525888778551645e-9,NaN,NaN,NaN,0.0,0.0000252514921341776,NaN,NaN,NaN,0.9978571525150505,0.997921149971564,0.9978571525150505,low_tribalization,4,0.1878791542105581,0.3185202702048181,0.17941843204861835
engagement,1,distance,0.0011879425302931401,2.2791576115520127e-8,2.958613594075364e-8,NaN,NaN,NaN,0.0,-0.00004065710477488271,NaN,NaN,NaN,0.9999578825982535,0.997921149971564,NaN,low_tribalization,4,0.1878791542105581,0.3185202702048181,0.17941843204861835
composition,1,distance,-0.00405356535391499,-7.77707178142625e-8,-1.0095550293671522e-7,NaN,NaN,NaN,0.0,-0.00004065710477488271,NaN,NaN,NaN,0.9999578825982535,0.997921149971564,0.9999578825982535,low_tribalization,4,0.1878791542105581,0.3185202702048181,0.17941843204861835
exposure,0,camp_pair,0.00008345492422973111,2.624616291780077e-9,4.376929995790167e-9,NaN,NaN,NaN,0.0,0.00003345646815917924,NaN,NaN,NaN,0.9972812784597638,0.9975523249449922,NaN,low_tribalization,5,0.11699534048307098,0.06286906629506474,0.16553194162557228
engagement,0,camp_pair,0.0,0.0,0.0,NaN,NaN,NaN,0.0,0.0,NaN,NaN,NaN,0.9975523249449922,0.9975523249449922,NaN,low_tribalization,5,0.11699534048307098,0.06286906629506474,0.16553194162557228
composition,0,camp_pair,-0.001963883573888159,-6.407241440371143e-8,-1.0698281712088898e-7,NaN,NaN,NaN,0.0,0.0,NaN,NaN,NaN,0.9975523249449922,0.9975523249449922,0.9975523249449922,low_tribalization,5,0.11699534048307098,0.06286906629506474,0.16553194162557228
exposure,1,camp_pair,0.000016162896007865246,5.073577552144033e-10,8.488024371318794e-10,NaN,NaN,NaN,0.0,0.00003855770694638494,NaN,NaN,NaN,0.997373971879159,0.9976174262456612,NaN,low_tribalization,5,0.11699534048307098,0.06286906629506474,0.16553194162557228
engagement,1,camp_pair,0.0,0.0,0.0,NaN,NaN,NaN,0.0,0.0,NaN,NaN,NaN,0.9976174262456612,0.9976174262456612,NaN,low_tribalization,5,0.11699534048307098,0.06286906629506474,0.16553194162557228
composition,1,camp_pair,-0.002012581500083932,-6.552225224911877e-8,-1.0994108489478488e-7,NaN,NaN,NaN,0.0,0.0,NaN,NaN,NaN,0.9976174262456612,0.9976174262456612,0.9976174262456612,low_tribalization,5,0.11699534048307098,0.06286906629506474,0.16553194162557228
exposure,0,distance,0.00008345492422973111,2.624616291780077e-9,4.376929995790167e-9,NaN,NaN,NaN,0.0,0.00003345646815917924,NaN,NaN,NaN,0.9972812784597638,0.9975523249449922,NaN,low_tribalization,5,0.11699534048307098,0.06286906629506474,0.16553194162557228
engagement,0,distance,0.0007901331998130257,1.5891976906474904e-8,2.467932283274068e-8,NaN,NaN,NaN,0.0,0.000016711290475715512,NaN,NaN,NaN,0.9988591883755316,0.9975523249449922,NaN,low_tribalization,5,0.11699534048307098,0.06286906629506474,0.16553194162557228
composition,0,distance,-0.00290863238167699,-5.8501425645668455e-8,-9.084933725877655e-8,NaN,NaN,NaN,0.0,0.000016711290475715512,NaN,NaN,NaN,0.9988591883755316,0.9975523249449922,0.9988591883755316,low_tribalization,5,0.11699534048307098,0.06286906629506474,0.16553194162557228
exposure,1,distance,0.000016162896007865246,5.073577552144033e-10,8.488024371318794e-10,NaN,NaN,NaN,0.0,0.00003855770694638494,NaN,NaN,NaN,0.997373971879159,0.9976174262456612,NaN,low_tribalization,5,0.11699534048307098,0.06286906629506474,0.16553194162557228
engagement,1,distance,0.0006118324225560801,1.2496832503851795e-8,1.9483247541829764e-8,NaN,NaN,NaN,0.0,0.00002188242458926737,NaN,NaN,NaN,0.9986327824330764,0.9976174262456612,NaN,low_tribalization,5,0.11699534048307098,0.06286906629506474,0.16553194162557228
composition,1,distance,-0.0028422830633460516,-5.805435289417781e-8,-9.05099214516464e-8,NaN,NaN,NaN,0.0,0.00002188242458926737,NaN,NaN,NaN,0.9986327824330764,0.9976174262456612,0.9986327824330764,low_tribalization,5,0.11699534048307098,0.06286906629506474,0.16553194162557228
