arm,seed,targeting_mode,intervention_tick,withdrawal_tick,n_ticks_total,peak_gap,final_gap,recovery_fraction,point,window,affective,ideological,structural
engagement,0,distance,60,120,180,0.024564220837806516,0.009108477027288231,0.6291973970015171,consolidated_two_camp_LHS1,60,0.9464207024421489,0.8848701602854708,0.7318724839295598
engagement,1,distance,60,120,180,0.02440355470152733,0.00895060095486988,0.6332255253653807,consolidated_two_camp_LHS1,60,0.9464207024421489,0.8848701602854708,0.7318724839295598
engagement,2,distance,60,120,180,0.02445525440989993,0.008525222074394101,0.651395077250027,consolidated_two_camp_LHS1,60,0.9464207024421489,0.8848701602854708,0.7318724839295598
engagement,3,distance,60,120,180,0.023664717960194537,0.00878438196442266,0.6287983664458409,consolidated_two_camp_LHS1,60,0.9464207024421489,0.8848701602854708,0.7318724839295598
engagement,4,distance,60,120,180,0.02291880350890274,0.007622081445566753,0.667431092438749,consolidated_two_camp_LHS1,60,0.9464207024421489,0.8848701602854708,0.7318724839295598
composition,0,distance,60,120,180,0.00492601482914079,0.001889606029001012,0.6164026917209662,consolidated_two_camp_LHS1,60,0.9464207024421489,0.8848701602854708,0.7318724839295598
composition,1,distance,60,120,180,0.006182623514412455,0.002365244776058706,0.6174367126600819,consolidated_two_camp_LHS1,60,0.9464207024421489,0.8848701602854708,0.7318724839295598
composition,2,distance,60,120,180,0.00497598080923467,0.0015669763887462551,0.6850919549693232,consolidated_two_camp_LHS1,60,0.9464207024421489,0.8848701602854708,0.7318724839295598
composition,3,distance,60,120,180,0.006220223638194966,0.002771434673153994,0.5544477442682059,consolidated_two_camp_LHS1,60,0.9464207024421489,0.8848701602854708,0.7318724839295598
composition,4,distance,60,120,180,0.003909577134677988,0.0011029246048863683,0.7178915859970082,consolidated_two_camp_LHS1,60,0.9464207024421489,0.8848701602854708,0.7318724839295598
engagement,0,distance,60,120,180,0.012086050270218696,0.004493831987553598,0.6281802667471212,cross_cut_LHS0,60,0.6713722911991205,0.5867149138882022,0.012553017635084669
engagement,1,distance,60,120,180,0.011649942455330464,0.004240508587362024,0.636006048646037,cross_cut_LHS0,60,0.6713722911991205,0.5867149138882022,0.012553017635084669
engagement,2,distance,60,120,180,0.012781688874863528,0.00456250631522348,0.6430435476961025,cross_cut_LHS0,60,0.6713722911991205,0.5867149138882022,0.012553017635084669
engagement,3,distance,60,120,180,0.013203991736752796,0.005236122874990201,0.603443944877998,cross_cut_LHS0,60,0.6713722911991205,0.5867149138882022,0.012553017635084669
engagement,4,distance,60,120,180,0.013389588779344708,0.004679679995115871,0.6504986021426644,cross_cut_LHS0,60,0.6713722911991205,0.5867149138882022,0.012553017635084669
composition,0,distance,60,120,180,-0.009105194995796095,-0.004348409929803676,0.5224253921183067,cross_cut_LHS0,60,0.6713722911991205,0.5867149138882022,0.012553017635084669
composition,1,distance,60,120,180,-0.009239602640377376,-0.0033941621499451458,0.6326506363907315,cross_cut_LHS0,60,0.6713722911991205,0.5867149138882022,0.012553017635084669
composition,2,distance,60,120,180,-0.00895245527116817,-0.0037050921024548433,0.5861367646943427,cross_cut_LHS0,60,0.6713722911991205,0.5867149138882022,0.012553017635084669
composition,3,distance,60,120,180,-0.007441544343913975,-0.0029427876884660087,0.604546105960821,cross_cut_LHS0,60,0.6713722911991205,0.5867149138882022,0.012553017635084669
composition,4,distance,60,120,180,-0.007990490607742373,-0.002783401645295225,0.6516607324964186,cross_cut_LHS0,60,0.6713722911991205,0.5867149138882022,0.012553017635084669
engagement,0,distance,60,120,180,0.007679851047491804,0.002858830731546247,0.627749195411814,cross_cut_LHS4,60,0.5440782898978583,0.8640995441207491,0.2978034381535035
engagement,1,distance,60,120,180,0.008040497223212428,0.0026529428872841265,0.6700523843693098,cross_cut_LHS4,60,0.5440782898978583,0.8640995441207491,0.2978034381535035
engagement,2,distance,60,120,180,0.008299978509794581,0.0029317915428606067,0.6467711886963468,cross_cut_LHS4,60,0.5440782898978583,0.8640995441207491,0.2978034381535035
engagement,3,distance,60,120,180,0.007635518693307031,0.002974258256403184,0.6104706993893825,cross_cut_LHS4,60,0.5440782898978583,0.8640995441207491,0.2978034381535035
engagement,4,distance,60,120,180,0.008159113412484986,0.0031173439807119507,0.6179310394261924,cross_cut_LHS4,60,0.5440782898978583,0.8640995441207491,0.2978034381535035
composition,0,distance,60,120,180,-0.01093017765733495,-0.004151340138838444,0.620194632787822,cross_cut_LHS4,60,0.5440782898978583,0.8640995441207491,0.2978034381535035
composition,1,distance,60,120,180,-0.010361635510860667,-0.003827546475097865,0.630604022783278,cross_cut_LHS4,60,0.5440782898978583,0.8640995441207491,0.2978034381535035
composition,2,distance,60,120,180,-0.011005227753801972,-0.0038256942595049637,0.6523748217583863,cross_cut_LHS4,60,0.5440782898978583,0.8640995441207491,0.2978034381535035
composition,3,distance,60,120,180,-0.009833861977427194,-0.003571473892314714,0.6368187899613873,cross_cut_LHS4,60,0.5440782898978583,0.8640995441207491,0.2978034381535035
composition,4,distance,60,120,180,-0.010070061168583111,-0.003988164574653341,0.6039582572650362,cross_cut_LHS4,60,0.5440782898978583,0.8640995441207491,0.2978034381535035
engagement,0,distance,60,360,420,0.049916478005966436,0.02741505678102696,0.45078142777320784,consolidated_two_camp_LHS1,300,0.9464207024421489,0.8848701602854708,0.7318724839295598
engagement,1,distance,60,360,420,0.05009917102699779,0.026434432166003052,0.47235789287296026,consolidated_two_camp_LHS1,300,0.9464207024421489,0.8848701602854708,0.7318724839295598
engagement,2,distance,60,360,420,0.051087554376523236,0.027403704308782473,0.46359334199455116,consolidated_two_camp_LHS1,300,0.9464207024421489,0.8848701602854708,0.7318724839295598
engagement,3,distance,60,360,420,0.048971088583746436,0.028011777822666506,0.4279935645138252,consolidated_two_camp_LHS1,300,0.9464207024421489,0.8848701602854708,0.7318724839295598
engagement,4,distance,60,360,420,0.04711463621121226,0.02655638388327075,0.4363453478825565,consolidated_two_camp_LHS1,300,0.9464207024421489,0.8848701602854708,0.7318724839295598
composition,0,distance,60,360,420,0.011509556176149793,0.005819821027771344,0.4943487881981732,consolidated_two_camp_LHS1,300,0.9464207024421489,0.8848701602854708,0.7318724839295598
composition,1,distance,60,360,420,0.015418419194305866,0.0067706815003441,0.5608705785581078,consolidated_two_camp_LHS1,300,0.9464207024421489,0.8848701602854708,0.7318724839295598
composition,2,distance,60,360,420,0.012066310116091827,0.005213309060240867,0.5679450461588657,consolidated_two_camp_LHS1,300,0.9464207024421489,0.8848701602854708,0.7318724839295598
composition,3,distance,60,360,420,0.01441641353310219,0.008465917796384392,0.41275839674372483,consolidated_two_camp_LHS1,300,0.9464207024421489,0.8848701602854708,0.7318724839295598
composition,4,distance,60,360,420,0.010502295665595796,0.005754824445856066,0.45204128420149614,consolidated_two_camp_LHS1,300,0.9464207024421489,0.8848701602854708,0.7318724839295598
engagement,0,distance,60,360,420,0.025436840942631767,0.014048324733893391,0.4477173967641317,cross_cut_LHS0,300,0.6713722911991205,0.5867149138882022,0.012553017635084669
engagement,1,distance,60,360,420,0.024521957358425217,0.012829075043862881,0.47683315583879826,cross_cut_LHS0,300,0.6713722911991205,0.5867149138882022,0.012553017635084669
engagement,2,distance,60,360,420,0.024948876392108854,0.014568281477447043,0.41607464606883526,cross_cut_LHS0,300,0.6713722911991205,0.5867149138882022,0.012553017635084669
engagement,3,distance,60,360,420,0.025340885426275328,0.014012830787709873,0.44702678884375835,cross_cut_LHS0,300,0.6713722911991205,0.5867149138882022,0.012553017635084669
engagement,4,distance,60,360,420,0.025511673287572423,0.013649970446724113,0.46495197344137107,cross_cut_LHS0,300,0.6713722911991205,0.5867149138882022,0.012553017635084669
composition,0,distance,60,360,420,-0.016206114072181643,-0.008913708511485652,0.4499786641150243,cross_cut_LHS0,300,0.6713722911991205,0.5867149138882022,0.012553017635084669
composition,1,distance,60,360,420,-0.015875522809331688,-0.009705566755298989,0.3886458498491765,cross_cut_LHS0,300,0.6713722911991205,0.5867149138882022,0.012553017635084669
composition,2,distance,60,360,420,-0.015794664277025472,-0.009008530031363149,0.42964726103949336,cross_cut_LHS0,300,0.6713722911991205,0.5867149138882022,0.012553017635084669
composition,3,distance,60,360,420,-0.015251795360565978,-0.008441313622056468,0.44653639637194686,cross_cut_LHS0,300,0.6713722911991205,0.5867149138882022,0.012553017635084669
composition,4,distance,60,360,420,-0.015439649029488578,-0.009299139893133024,0.3977104093899829,cross_cut_LHS0,300,0.6713722911991205,0.5867149138882022,0.012553017635084669
engagement,0,distance,60,360,420,0.015419205381575596,0.008662891033472508,0.43817526136438945,cross_cut_LHS4,300,0.5440782898978583,0.8640995441207491,0.2978034381535035
engagement,1,distance,60,360,420,0.015467415904941717,0.00889827147789446,0.4247085917530974,cross_cut_LHS4,300,0.5440782898978583,0.8640995441207491,0.2978034381535035
engagement,2,distance,60,360,420,0.017270977129232534,0.009703931160852886,0.4381365287996246,cross_cut_LHS4,300,0.5440782898978583,0.8640995441207491,0.2978034381535035
engagement,3,distance,60,360,420,0.016114237312216062,0.0092926706119425,0.4233254461942293,cross_cut_LHS4,300,0.5440782898978583,0.8640995441207491,0.2978034381535035
engagement,4,distance,60,360,420,0.015626908389755556,0.00883016786530133,0.434938271533602,cross_cut_LHS4,300,0.5440782898978583,0.8640995441207491,0.2978034381535035
composition,0,distance,60,360,420,-0.02060684368106558,-0.011659239795071441,0.4342054525417479,cross_cut_LHS4,300,0.5440782898978583,0.8640995441207491,0.2978034381535035
composition,1,distance,60,360,420,-0.01979132702749875,-0.011184516360730923,0.43487789650533437,cross_cut_LHS4,300,0.5440782898978583,0.8640995441207491,0.2978034381535035
composition,2,distance,60,360,420,-0.020187814847933083,-0.011363236419070999,0.43712400253985806,cross_cut_LHS4,300,0.5440782898978583,0.8640995441207491,0.2978034381535035
composition,3,distance,60,360,420,-0.01820263896440233,-0.010270693153232369,0.43575801435615635,cross_cut_LHS4,300,0.5440782898978583,0.8640995441207491,0.2978034381535035
composition,4,distance,60,360,420,-0.019421491345017028,-0.010986486217159808,0.4343129463135378,cross_cut_LHS4,300,0.5440782898978583,0.8640995441207491,0.2978034381535035
engagement,0,distance,60,1060,1120,0.10421486406811953,0.07971175779573914,0.23512103087678604,consolidated_two_camp_LHS1,1000,0.9464207024421489,0.8848701602854708,0.7318724839295598
engagement,1,distance,60,1060,1120,0.10307224523660352,0.0793263847184491,0.23038074375546513,consolidated_two_camp_LHS1,1000,0.9464207024421489,0.8848701602854708,0.7318724839295598
engagement,2,distance,60,1060,1120,0.11043463879284099,0.08284230744649745,0.24985214465275396,consolidated_two_camp_LHS1,1000,0.9464207024421489,0.8848701602854708,0.7318724839295598
engagement,3,distance,60,1060,1120,0.10235775457589069,0.07680068599246326,0.24968375565994627,consolidated_two_camp_LHS1,1000,0.9464207024421489,0.8848701602854708,0.7318724839295598
engagement,4,distance,60,1060,1120,0.10268511236078659,0.07794887529387617,0.24089409358582636,consolidated_two_camp_LHS1,1000,0.9464207024421489,0.8848701602854708,0.7318724839295598
composition,0,distance,60,1060,1120,0.03560361945899171,0.024419113363063794,0.3141395809156494,consolidated_two_camp_LHS1,1000,0.9464207024421489,0.8848701602854708,0.7318724839295598
composition,1,distance,60,1060,1120,0.04300716481474076,0.030871698575588358,0.28217312839447994,consolidated_two_camp_LHS1,1000,0.9464207024421489,0.8848701602854708,0.7318724839295598
composition,2,distance,60,1060,1120,0.036211910685914006,0.025663661554966133,0.29129225525929003,consolidated_two_camp_LHS1,1000,0.9464207024421489,0.8848701602854708,0.7318724839295598
composition,3,distance,60,1060,1120,0.040922610992818687,0.02868674262508142,0.29900018769292314,consolidated_two_camp_LHS1,1000,0.9464207024421489,0.8848701602854708,0.7318724839295598
composition,4,distance,60,1060,1120,0.028835470859436274,0.02083600819616782,0.2774174454186402,consolidated_two_camp_LHS1,1000,0.9464207024421489,0.8848701602854708,0.7318724839295598
engagement,0,distance,60,1060,1120,0.047821420973648054,0.03608778000406221,0.24536370376889594,cross_cut_LHS0,1000,0.6713722911991205,0.5867149138882022,0.012553017635084669
engagement,1,distance,60,1060,1120,0.050720739042507956,0.03929259548611941,0.22531500471258648,cross_cut_LHS0,1000,0.6713722911991205,0.5867149138882022,0.012553017635084669
engagement,2,distance,60,1060,1120,0.04305199074307797,0.03317783251198425,0.22935427748323856,cross_cut_LHS0,1000,0.6713722911991205,0.5867149138882022,0.012553017635084669
engagement,3,distance,60,1060,1120,0.04467590902915153,0.03515594043959647,0.2130895329593221,cross_cut_LHS0,1000,0.6713722911991205,0.5867149138882022,0.012553017635084669
engagement,4,distance,60,1060,1120,0.05188171492312943,0.03948746632409694,0.23889435068590992,cross_cut_LHS0,1000,0.6713722911991205,0.5867149138882022,0.012553017635084669
composition,0,distance,60,1060,1120,-0.02520746470937718,-0.020982412580236254,0.16761114923109288,cross_cut_LHS0,1000,0.6713722911991205,0.5867149138882022,0.012553017635084669
composition,1,distance,60,1060,1120,-0.030039607236989507,-0.023856635837229856,0.205827304963768,cross_cut_LHS0,1000,0.6713722911991205,0.5867149138882022,0.012553017635084669
composition,2,distance,60,1060,1120,-0.02008546462529326,-0.017155666731434316,0.14586657309233975,cross_cut_LHS0,1000,0.6713722911991205,0.5867149138882022,0.012553017635084669
composition,3,distance,60,1060,1120,-0.021735996998950124,-0.01862341014493296,0.1431996358008103,cross_cut_LHS0,1000,0.6713722911991205,0.5867149138882022,0.012553017635084669
composition,4,distance,60,1060,1120,-0.027704389155198905,-0.022294146431344863,0.195284678306606,cross_cut_LHS0,1000,0.6713722911991205,0.5867149138882022,0.012553017635084669
engagement,0,distance,60,1060,1120,0.03280242962320168,0.025553978939716337,0.2209729817805446,cross_cut_LHS4,1000,0.5440782898978583,0.8640995441207491,0.2978034381535035
engagement,1,distance,60,1060,1120,0.032325337382195896,0.024645567520908518,0.23757740779272518,cross_cut_LHS4,1000,0.5440782898978583,0.8640995441207491,0.2978034381535035
engagement,2,distance,60,1060,1120,0.03546670768758875,0.027109579667803585,0.23563303629419385,cross_cut_LHS4,1000,0.5440782898978583,0.8640995441207491,0.2978034381535035
engagement,3,distance,60,1060,1120,0.03265420849330192,0.025019282812761556,0.2338113839784679,cross_cut_LHS4,1000,0.5440782898978583,0.8640995441207491,0.2978034381535035
engagement,4,distance,60,1060,1120,0.033462627358487484,0.02574294595003912,0.23069561531277483,cross_cut_LHS4,1000,0.5440782898978583,0.8640995441207491,0.2978034381535035
composition,0,distance,60,1060,1120,-0.03863140455928149,-0.030120143240846442,0.22031974802713072,cross_cut_LHS4,1000,0.5440782898978583,0.8640995441207491,0.2978034381535035
composition,1,distance,60,1060,1120,-0.037600422583797144,-0.029568722391643876,0.21360664695333254,cross_cut_LHS4,1000,0.5440782898978583,0.8640995441207491,0.2978034381535035
composition,2,distance,60,1060,1120,-0.03844606674701301,-0.030195267610941823,0.2146071063748599,cross_cut_LHS4,1000,0.5440782898978583,0.8640995441207491,0.2978034381535035
composition,3,distance,60,1060,1120,-0.03498151466135058,-0.027702553683148334,0.208080211753793,cross_cut_LHS4,1000,0.5440782898978583,0.8640995441207491,0.2978034381535035
composition,4,distance,60,1060,1120,-0.03673832683457645,-0.02869745202399354,0.21886883544775926,cross_cut_LHS4,1000,0.5440782898978583,0.8640995441207491,0.2978034381535035
