swept_dial,level,seed,arm,total_contact,cross_contact,frac
affective,0.1,0,none,41231.0,34041.0,0.8256166476680168
affective,0.1,0,engagement,45535.0,38576.0,0.8471725046667399
affective,0.1,0,composition,45927.0,38833.0,0.8455374833975657
affective,0.1,0,exposure,44111.0,37206.0,0.8434630817709868
affective,0.1,1,none,41684.0,34244.0,0.8215142500719701
affective,0.1,1,engagement,46485.0,39020.0,0.8394105625470581
affective,0.1,1,composition,46485.0,39020.0,0.8394105625470581
affective,0.1,1,exposure,44205.0,37148.0,0.8403574256305848
affective,0.1,2,none,41372.0,33811.0,0.8172435463598569
affective,0.1,2,engagement,45724.0,38504.0,0.8420960545884
affective,0.1,2,composition,45796.0,38610.0,0.8430867324657175
affective,0.1,2,exposure,44371.0,37288.0,0.8403687092921052
affective,0.1,3,none,40169.0,32933.0,0.8198610869078145
affective,0.1,3,engagement,45177.0,38014.0,0.8414458684728955
affective,0.1,3,composition,45420.0,38138.0,0.8396741523557903
affective,0.1,3,exposure,43928.0,37112.0,0.8448370060098342
affective,0.1,4,none,42822.0,35540.0,0.8299472233898464
affective,0.1,4,engagement,47374.0,40221.0,0.8490100054882425
affective,0.1,4,composition,47393.0,40103.0,0.84617981558458
affective,0.1,4,exposure,44991.0,38136.0,0.8476361939054478
affective,0.5,0,none,41507.0,34252.0,0.8252102055075048
affective,0.5,0,engagement,46050.0,38798.0,0.8425190010857764
affective,0.5,0,composition,45961.0,38848.0,0.84523835425687
affective,0.5,0,exposure,44904.0,37992.0,0.846071619454837
affective,0.5,1,none,42076.0,34405.0,0.8176870424945337
affective,0.5,1,engagement,46473.0,39099.0,0.8413272222580853
affective,0.5,1,composition,46638.0,39224.0,0.8410309189930958
affective,0.5,1,exposure,44506.0,37335.0,0.8388756572147575
affective,0.5,2,none,41551.0,34112.0,0.8209670044042261
affective,0.5,2,engagement,45336.0,38118.0,0.8407887771307571
affective,0.5,2,composition,45551.0,38264.0,0.8400254659612303
affective,0.5,2,exposure,44475.0,37430.0,0.8415964024732996
affective,0.5,3,none,40449.0,33211.0,0.8210586170239067
affective,0.5,3,engagement,45082.0,37864.0,0.8398917528059979
affective,0.5,3,composition,45098.0,38050.0,0.8437181249722826
affective,0.5,3,exposure,43871.0,37044.0,0.8443846732465637
affective,0.5,4,none,42982.0,35690.0,0.8303475873621516
affective,0.5,4,engagement,47290.0,39939.0,0.8445548741805878
affective,0.5,4,composition,47631.0,40251.0,0.8450588902185552
affective,0.5,4,exposure,45766.0,38831.0,0.8484682952410086
affective,0.9,0,none,46278.0,39198.0,0.8470115389601971
affective,0.9,0,engagement,50592.0,43509.0,0.8599976280834914
affective,0.9,0,composition,50535.0,43465.0,0.8600969625012368
affective,0.9,0,exposure,50663.0,43928.0,0.8670627479620235
affective,0.9,1,none,47622.0,40108.0,0.8422157826214774
affective,0.9,1,engagement,52244.0,44386.0,0.8495903835847178
affective,0.9,1,composition,52320.0,44531.0,0.8511276758409786
affective,0.9,1,exposure,52164.0,44660.0,0.8561460010735373
affective,0.9,2,none,46330.0,39027.0,0.842369954672998
affective,0.9,2,engagement,50927.0,43539.0,0.8549296051210556
affective,0.9,2,composition,50928.0,43545.0,0.8550306314797361
affective,0.9,2,exposure,51184.0,44020.0,0.8600343857455455
affective,0.9,3,none,47130.0,40008.0,0.8488860598345003
affective,0.9,3,engagement,50976.0,43929.0,0.8617584745762712
affective,0.9,3,composition,51117.0,44157.0,0.8638417747520395
affective,0.9,3,exposure,51630.0,44875.0,0.869165214022855
affective,0.9,4,none,49321.0,42152.0,0.8546460939559214
affective,0.9,4,engagement,54003.0,46799.0,0.866600003703498
affective,0.9,4,composition,53784.0,46458.0,0.8637884872824632
affective,0.9,4,exposure,53789.0,46954.0,0.8729294093587908
ideological,0.1,0,none,30755.0,17377.0,0.5650138188912373
ideological,0.1,0,engagement,30755.0,17377.0,0.5650138188912373
ideological,0.1,0,composition,30755.0,17377.0,0.5650138188912373
ideological,0.1,0,exposure,31779.0,18203.0,0.5727996475660027
ideological,0.1,1,none,30807.0,17304.0,0.5616905248807089
ideological,0.1,1,engagement,30807.0,17304.0,0.5616905248807089
ideological,0.1,1,composition,30807.0,17304.0,0.5616905248807089
ideological,0.1,1,exposure,31639.0,18360.0,0.5802964695470779
ideological,0.1,2,none,30715.0,17563.0,0.571805306853329
ideological,0.1,2,engagement,30715.0,17563.0,0.571805306853329
ideological,0.1,2,composition,30715.0,17563.0,0.571805306853329
ideological,0.1,2,exposure,31686.0,18446.0,0.5821498453575712
ideological,0.1,3,none,29959.0,16757.0,0.5593310858172836
ideological,0.1,3,engagement,29959.0,16757.0,0.5593310858172836
ideological,0.1,3,composition,29959.0,16757.0,0.5593310858172836
ideological,0.1,3,exposure,31250.0,17856.0,0.571392
ideological,0.1,4,none,31997.0,18766.0,0.5864924836703441
ideological,0.1,4,engagement,31997.0,18766.0,0.5864924836703441
ideological,0.1,4,composition,31997.0,18766.0,0.5864924836703441
ideological,0.1,4,exposure,32692.0,19538.0,0.5976385660100331
ideological,0.5,0,none,41049.0,32416.0,0.7896903700455553
ideological,0.5,0,engagement,45347.0,36776.0,0.8109908042428385
ideological,0.5,0,composition,45363.0,36744.0,0.8099993386680775
ideological,0.5,0,exposure,44002.0,35736.0,0.8121449025044316
ideological,0.5,1,none,41263.0,32650.0,0.7912657829047816
ideological,0.5,1,engagement,45328.0,36707.0,0.8098085068831627
ideological,0.5,1,composition,45877.0,37068.0,0.8079865727924668
ideological,0.5,1,exposure,43908.0,35579.0,0.8103079165527922
ideological,0.5,2,none,40944.0,32367.0,0.7905187573270809
ideological,0.5,2,engagement,45388.0,36983.0,0.814818894862078
ideological,0.5,2,composition,44846.0,36280.0,0.8089907684074388
ideological,0.5,2,exposure,44345.0,36149.0,0.8151764573232608
ideological,0.5,3,none,40555.0,31934.0,0.7874244852669214
ideological,0.5,3,engagement,45097.0,36541.0,0.8102756280905603
ideological,0.5,3,composition,45174.0,36540.0,0.8088723602071989
ideological,0.5,3,exposure,44144.0,35900.0,0.8132475534613991
ideological,0.5,4,none,42574.0,34017.0,0.7990087847042796
ideological,0.5,4,engagement,46790.0,38102.0,0.8143192989955118
ideological,0.5,4,composition,46908.0,38278.0,0.8160228532446491
ideological,0.5,4,exposure,45370.0,37253.0,0.8210932334141503
ideological,0.9,0,none,44099.0,37778.0,0.8566634164040001
ideological,0.9,0,engagement,48904.0,42538.0,0.8698265990512024
ideological,0.9,0,composition,48953.0,42489.0,0.8679549772230507
ideological,0.9,0,exposure,47978.0,41819.0,0.8716286631372713
ideological,0.9,1,none,45008.0,38486.0,0.8550924280127977
ideological,0.9,1,engagement,50135.0,43495.0,0.8675575944948639
ideological,0.9,1,composition,49709.0,43185.0,0.868756160856183
ideological,0.9,1,exposure,47982.0,41751.0,0.870138802050769
ideological,0.9,2,none,44472.0,37906.0,0.8523565389458536
ideological,0.9,2,engagement,49044.0,42474.0,0.8660386591632004
ideological,0.9,2,composition,48882.0,42319.0,0.8657378994312835
ideological,0.9,2,exposure,48641.0,42429.0,0.8722888098517712
ideological,0.9,3,none,43912.0,37565.0,0.8554609218436874
ideological,0.9,3,engagement,48625.0,42349.0,0.8709305912596401
ideological,0.9,3,composition,48661.0,42326.0,0.8698136084338587
ideological,0.9,3,exposure,47359.0,41380.0,0.873751557254165
ideological,0.9,4,none,45873.0,39458.0,0.8601573910579208
ideological,0.9,4,engagement,50485.0,44054.0,0.8726156284044766
ideological,0.9,4,composition,50862.0,44347.0,0.8719083008926114
ideological,0.9,4,exposure,49600.0,43538.0,0.8777822580645162
structural,0.1,0,none,52280.0,47377.0,0.9062165263963274
structural,0.1,0,engagement,61151.0,56124.0,0.9177936583212049
structural,0.1,0,composition,60964.0,55913.0,0.9171478249458697
structural,0.1,0,exposure,52906.0,48038.0,0.9079877518617926
structural,0.1,1,none,52747.0,47225.0,0.895311581701329
structural,0.1,1,engagement,61083.0,55570.0,0.9097457557749292
structural,0.1,1,composition,61136.0,55586.0,0.9092187908924365
structural,0.1,1,exposure,53527.0,48182.0,0.9001438526351188
structural,0.1,2,none,52587.0,47590.0,0.9049765151082967
structural,0.1,2,engagement,60848.0,55799.0,0.917022745201157
structural,0.1,2,composition,61521.0,56442.0,0.9174428244014239
structural,0.1,2,exposure,53741.0,48486.0,0.9022161850356338
structural,0.1,3,none,52522.0,47264.0,0.8998895700849168
structural,0.1,3,engagement,60423.0,55227.0,0.9140062558959337
structural,0.1,3,composition,60682.0,55492.0,0.9144721663755314
structural,0.1,3,exposure,53492.0,48247.0,0.9019479548343677
structural,0.1,4,none,54357.0,49395.0,0.9087146089740051
structural,0.1,4,engagement,62455.0,57472.0,0.9202145544792251
structural,0.1,4,composition,62823.0,57832.0,0.9205545739617655
structural,0.1,4,exposure,55304.0,50162.0,0.907023000144655
structural,0.5,0,none,46485.0,40267.0,0.8662364203506507
structural,0.5,0,engagement,52683.0,46507.0,0.8827705331890743
structural,0.5,0,composition,52910.0,46733.0,0.8832545832545833
structural,0.5,0,exposure,48540.0,42606.0,0.8777503090234858
structural,0.5,1,none,47164.0,40680.0,0.8625222627427699
structural,0.5,1,engagement,53733.0,47017.0,0.8750116315858039
structural,0.5,1,composition,53876.0,47143.0,0.8750278417105947
structural,0.5,1,exposure,49576.0,43199.0,0.8713692109085042
structural,0.5,2,none,46718.0,40260.0,0.8617663427372747
structural,0.5,2,engagement,53071.0,46577.0,0.8776356202068927
structural,0.5,2,composition,52900.0,46467.0,0.8783931947069943
structural,0.5,2,exposure,49038.0,42793.0,0.8726497818018679
structural,0.5,3,none,46132.0,39814.0,0.8630451747160323
structural,0.5,3,engagement,52933.0,46781.0,0.8837776056524286
structural,0.5,3,composition,52289.0,46024.0,0.880185124978485
structural,0.5,3,exposure,48722.0,42576.0,0.8738557530479044
structural,0.5,4,none,48231.0,41820.0,0.8670771910182248
structural,0.5,4,engagement,54903.0,48514.0,0.8836311312678724
structural,0.5,4,composition,54775.0,48462.0,0.8847466910086719
structural,0.5,4,exposure,51064.0,44849.0,0.8782899890333699
structural,0.9,0,none,36776.0,28463.0,0.7739558407657168
structural,0.9,0,engagement,39074.0,30733.0,0.786533244612786
structural,0.9,0,composition,39053.0,30711.0,0.7863928507413003
structural,0.9,0,exposure,41559.0,33738.0,0.8118097163069371
structural,0.9,1,none,37341.0,28673.0,0.7678690983101685
structural,0.9,1,engagement,39752.0,31130.0,0.7831052525659087
structural,0.9,1,composition,39984.0,31335.0,0.7836884753901561
structural,0.9,1,exposure,41763.0,33702.0,0.8069822570217656
structural,0.9,2,none,36885.0,28031.0,0.7599566219330351
structural,0.9,2,engagement,39107.0,30486.0,0.7795535326156443
structural,0.9,2,composition,39521.0,30785.0,0.7789529617165557
structural,0.9,2,exposure,41810.0,33713.0,0.8063381966036833
structural,0.9,3,none,36365.0,27724.0,0.7623814106970989
structural,0.9,3,engagement,38810.0,30292.0,0.7805204844112342
structural,0.9,3,composition,38761.0,30250.0,0.7804236216815872
structural,0.9,3,exposure,41206.0,33251.0,0.806945590447993
structural,0.9,4,none,38192.0,29667.0,0.7767857142857143
structural,0.9,4,engagement,40767.0,32219.0,0.7903206024480585
structural,0.9,4,composition,40552.0,31880.0,0.7861511146182679
structural,0.9,4,exposure,42784.0,34784.0,0.8130142109199701
