swept_dial,level,seed,arm,d_cross,bimodality0,total_contact,cross_contact,frac
affective,0.1,0,none,1.9774890146776407,0.5846407528077358,43062.0,17680.0,0.41057080488597836
affective,0.1,0,engagement,1.9774890146776407,0.5846407528077358,48733.0,21688.0,0.44503724375679726
affective,0.1,0,composition,1.9774890146776407,0.5846407528077358,48733.0,21688.0,0.44503724375679726
affective,0.1,0,exposure,1.9774890146776407,0.5846407528077358,44992.0,19334.0,0.42972083926031296
affective,0.1,1,none,1.9425242064668282,0.5983624940620509,43398.0,18262.0,0.42080280197244113
affective,0.1,1,engagement,1.9425242064668282,0.5983624940620509,49498.0,22439.0,0.453331447735262
affective,0.1,1,composition,1.9425242064668282,0.5983624940620509,49567.0,22419.0,0.45229689107672444
affective,0.1,1,exposure,1.9425242064668282,0.5983624940620509,45031.0,19920.0,0.4423619284492905
affective,0.1,2,none,1.9191846063368678,0.5946485072484402,42642.0,18112.0,0.4247455560245767
affective,0.1,2,engagement,1.9191846063368678,0.5946485072484402,48955.0,22390.0,0.4573587988969462
affective,0.1,2,composition,1.9191846063368678,0.5946485072484402,48955.0,22390.0,0.4573587988969462
affective,0.1,2,exposure,1.9191846063368678,0.5946485072484402,44852.0,20082.0,0.4477392312494426
affective,0.1,3,none,1.9520514197053198,0.569012104505469,42286.0,16748.0,0.39606489145343615
affective,0.1,3,engagement,1.9520514197053198,0.569012104505469,48338.0,20705.0,0.428337953576896
affective,0.1,3,composition,1.9520514197053198,0.569012104505469,48326.0,20693.0,0.42819600215205067
affective,0.1,3,exposure,1.9520514197053198,0.569012104505469,44132.0,18193.0,0.41224055107405055
affective,0.1,4,none,1.975646987699492,0.5815765457438563,44645.0,18069.0,0.4047261731436891
affective,0.1,4,engagement,1.975646987699492,0.5815765457438563,50557.0,22352.0,0.4421148406748818
affective,0.1,4,composition,1.975646987699492,0.5815765457438563,50607.0,22388.0,0.44238939277175093
affective,0.1,4,exposure,1.975646987699492,0.5815765457438563,46110.0,19562.0,0.42424636738234656
affective,0.5,0,none,1.9780015723196953,0.5846570223753383,43509.0,17802.0,0.40915672619458043
affective,0.5,0,engagement,1.9780015723196953,0.5846570223753383,49450.0,21672.0,0.43826086956521737
affective,0.5,0,composition,1.9780015723196953,0.5846570223753383,49569.0,21746.0,0.43870160785975104
affective,0.5,0,exposure,1.9780015723196953,0.5846570223753383,45867.0,19805.0,0.43179192011685963
affective,0.5,1,none,1.9431444820546693,0.5985586135682078,43720.0,18633.0,0.4261893870082342
affective,0.5,1,engagement,1.9431444820546693,0.5985586135682078,49940.0,22978.0,0.46011213456147376
affective,0.5,1,composition,1.9431444820546693,0.5985586135682078,49596.0,22594.0,0.4555609323332527
affective,0.5,1,exposure,1.9431444820546693,0.5985586135682078,45547.0,20215.0,0.4438272553625925
affective,0.5,2,none,1.919407751774918,0.5943648974076601,43291.0,18543.0,0.4283338338222725
affective,0.5,2,engagement,1.919407751774918,0.5943648974076601,48997.0,22553.0,0.46029348735636877
affective,0.5,2,composition,1.919407751774918,0.5943648974076601,49394.0,22934.0,0.46430740575778434
affective,0.5,2,exposure,1.919407751774918,0.5943648974076601,45672.0,20555.0,0.45005692765808375
affective,0.5,3,none,1.9523315406225974,0.5690505034407314,42464.0,16965.0,0.3995148831951771
affective,0.5,3,engagement,1.9523315406225974,0.5690505034407314,48557.0,20802.0,0.42840373169676876
affective,0.5,3,composition,1.9523315406225974,0.5690505034407314,48966.0,20898.0,0.42678593309643426
affective,0.5,3,exposure,1.9523315406225974,0.5690505034407314,44683.0,18839.0,0.4216144842557572
affective,0.5,4,none,1.9790143967205998,0.5816836697924834,44941.0,18531.0,0.41234062437417945
affective,0.5,4,engagement,1.9790143967205998,0.5816836697924834,50339.0,21950.0,0.43604362422773596
affective,0.5,4,composition,1.9790143967205998,0.5816836697924834,50513.0,22062.0,0.4367588541563558
affective,0.5,4,exposure,1.9790143967205998,0.5816836697924834,46271.0,19741.0,0.4266387153940913
affective,0.9,0,none,1.9848411901205676,0.5843752850197941,50223.0,23281.0,0.463552555602015
affective,0.9,0,engagement,1.9848411901205676,0.5843752850197941,55761.0,26753.0,0.4797797743942899
affective,0.9,0,composition,1.9848411901205676,0.5843752850197941,55729.0,26813.0,0.4811319061888783
affective,0.9,0,exposure,1.9848411901205676,0.5843752850197941,52873.0,25342.0,0.4792994534072211
affective,0.9,1,none,1.9490822421148666,0.5993673993830363,51228.0,24062.0,0.4697040680877645
affective,0.9,1,engagement,1.9490822421148666,0.5993673993830363,56904.0,27841.0,0.48926261774216223
affective,0.9,1,composition,1.9490822421148666,0.5993673993830363,57062.0,27728.0,0.48592758753636395
affective,0.9,1,exposure,1.9490822421148666,0.5993673993830363,54607.0,26562.0,0.48642115479700404
affective,0.9,2,none,1.926908174998096,0.588219692048871,47527.0,22044.0,0.4638205651524397
affective,0.9,2,engagement,1.926908174998096,0.588219692048871,54287.0,27046.0,0.49820398990550224
affective,0.9,2,composition,1.926908174998096,0.588219692048871,53333.0,26404.0,0.49507809423808896
affective,0.9,2,exposure,1.926908174998096,0.588219692048871,49028.0,23595.0,0.4812556090397324
affective,0.9,3,none,1.9620232688622425,0.5672261717622558,47738.0,21345.0,0.4471280740709707
affective,0.9,3,engagement,1.9620232688622425,0.5672261717622558,51827.0,23938.0,0.4618828024002933
affective,0.9,3,composition,1.9620232688622425,0.5672261717622558,53052.0,24843.0,0.46827640805247683
affective,0.9,3,exposure,1.9620232688622425,0.5672261717622558,50580.0,23840.0,0.47133254250691975
affective,0.9,4,none,1.9832455959306667,0.5820057815910791,53213.0,24590.0,0.46210512468757636
affective,0.9,4,engagement,1.9832455959306667,0.5820057815910791,58704.0,28211.0,0.4805635050422458
affective,0.9,4,composition,1.9832455959306667,0.5820057815910791,59468.0,28489.0,0.479064370754019
affective,0.9,4,exposure,1.9832455959306667,0.5820057815910791,56968.0,27395.0,0.48088400505546974
ideological,0.1,0,none,NaN,0.35489190335964826,NaN,NaN,NaN
ideological,0.1,0,engagement,NaN,0.35489190335964826,NaN,NaN,NaN
ideological,0.1,0,composition,NaN,0.35489190335964826,NaN,NaN,NaN
ideological,0.1,0,exposure,NaN,0.35489190335964826,NaN,NaN,NaN
ideological,0.1,1,none,NaN,0.3625571257812178,NaN,NaN,NaN
ideological,0.1,1,engagement,NaN,0.3625571257812178,NaN,NaN,NaN
ideological,0.1,1,composition,NaN,0.3625571257812178,NaN,NaN,NaN
ideological,0.1,1,exposure,NaN,0.3625571257812178,NaN,NaN,NaN
ideological,0.1,2,none,NaN,0.33713230438711095,NaN,NaN,NaN
ideological,0.1,2,engagement,NaN,0.33713230438711095,NaN,NaN,NaN
ideological,0.1,2,composition,NaN,0.33713230438711095,NaN,NaN,NaN
ideological,0.1,2,exposure,NaN,0.33713230438711095,NaN,NaN,NaN
ideological,0.1,3,none,NaN,0.3457757049464406,NaN,NaN,NaN
ideological,0.1,3,engagement,NaN,0.3457757049464406,NaN,NaN,NaN
ideological,0.1,3,composition,NaN,0.3457757049464406,NaN,NaN,NaN
ideological,0.1,3,exposure,NaN,0.3457757049464406,NaN,NaN,NaN
ideological,0.1,4,none,NaN,0.3494509231153843,NaN,NaN,NaN
ideological,0.1,4,engagement,NaN,0.3494509231153843,NaN,NaN,NaN
ideological,0.1,4,composition,NaN,0.3494509231153843,NaN,NaN,NaN
ideological,0.1,4,exposure,NaN,0.3494509231153843,NaN,NaN,NaN
ideological,0.5,0,none,1.9780015723196953,0.5846570223753383,43509.0,17802.0,0.40915672619458043
ideological,0.5,0,engagement,1.9780015723196953,0.5846570223753383,49450.0,21672.0,0.43826086956521737
ideological,0.5,0,composition,1.9780015723196953,0.5846570223753383,49569.0,21746.0,0.43870160785975104
ideological,0.5,0,exposure,1.9780015723196953,0.5846570223753383,45867.0,19805.0,0.43179192011685963
ideological,0.5,1,none,1.9431444820546693,0.5985586135682078,43720.0,18633.0,0.4261893870082342
ideological,0.5,1,engagement,1.9431444820546693,0.5985586135682078,49940.0,22978.0,0.46011213456147376
ideological,0.5,1,composition,1.9431444820546693,0.5985586135682078,49596.0,22594.0,0.4555609323332527
ideological,0.5,1,exposure,1.9431444820546693,0.5985586135682078,45547.0,20215.0,0.4438272553625925
ideological,0.5,2,none,1.919407751774918,0.5943648974076601,43291.0,18543.0,0.4283338338222725
ideological,0.5,2,engagement,1.919407751774918,0.5943648974076601,48997.0,22553.0,0.46029348735636877
ideological,0.5,2,composition,1.919407751774918,0.5943648974076601,49394.0,22934.0,0.46430740575778434
ideological,0.5,2,exposure,1.919407751774918,0.5943648974076601,45672.0,20555.0,0.45005692765808375
ideological,0.5,3,none,1.9523315406225974,0.5690505034407314,42464.0,16965.0,0.3995148831951771
ideological,0.5,3,engagement,1.9523315406225974,0.5690505034407314,48557.0,20802.0,0.42840373169676876
ideological,0.5,3,composition,1.9523315406225974,0.5690505034407314,48966.0,20898.0,0.42678593309643426
ideological,0.5,3,exposure,1.9523315406225974,0.5690505034407314,44683.0,18839.0,0.4216144842557572
ideological,0.5,4,none,1.9790143967205998,0.5816836697924834,44941.0,18531.0,0.41234062437417945
ideological,0.5,4,engagement,1.9790143967205998,0.5816836697924834,50339.0,21950.0,0.43604362422773596
ideological,0.5,4,composition,1.9790143967205998,0.5816836697924834,50513.0,22062.0,0.4367588541563558
ideological,0.5,4,exposure,1.9790143967205998,0.5816836697924834,46271.0,19741.0,0.4266387153940913
ideological,0.9,0,none,2.8352355473667545,0.7789568722318553,47847.0,24679.0,0.5157899136831985
ideological,0.9,0,engagement,2.8352355473667545,0.7789568722318553,53940.0,30124.0,0.5584723767148684
ideological,0.9,0,composition,2.8352355473667545,0.7789568722318553,54045.0,30391.0,0.5623276898880563
ideological,0.9,0,exposure,2.8352355473667545,0.7789568722318553,49249.0,26892.0,0.5460415439907409
ideological,0.9,1,none,2.808364672659789,0.7940909812507994,48012.0,25512.0,0.5313671582104474
ideological,0.9,1,engagement,2.808364672659789,0.7940909812507994,55217.0,31613.0,0.5725229548870818
ideological,0.9,1,composition,2.808364672659789,0.7940909812507994,54898.0,31336.0,0.5708040365769245
ideological,0.9,1,exposure,2.808364672659789,0.7940909812507994,50233.0,28047.0,0.5583381442478053
ideological,0.9,2,none,2.779121804537493,0.7904182267622194,47014.0,25034.0,0.5324796869017739
ideological,0.9,2,engagement,2.779121804537493,0.7904182267622194,54549.0,31873.0,0.5843003538103356
ideological,0.9,2,composition,2.779121804537493,0.7904182267622194,54196.0,31652.0,0.584028341575024
ideological,0.9,2,exposure,2.779121804537493,0.7904182267622194,49558.0,27879.0,0.5625529682392348
ideological,0.9,3,none,2.8165266536986246,0.7742849231244326,46445.0,23820.0,0.5128646786521692
ideological,0.9,3,engagement,2.8165266536986246,0.7742849231244326,53007.0,29964.0,0.5652838304374894
ideological,0.9,3,composition,2.8165266536986246,0.7742849231244326,52739.0,29528.0,0.5598892660080775
ideological,0.9,3,exposure,2.8165266536986246,0.7742849231244326,49058.0,26826.0,0.5468221289086388
ideological,0.9,4,none,2.842512089034198,0.7758689756805116,48766.0,24878.0,0.5101505147028668
ideological,0.9,4,engagement,2.842512089034198,0.7758689756805116,55833.0,31276.0,0.5601705084806476
ideological,0.9,4,composition,2.842512089034198,0.7758689756805116,55511.0,31004.0,0.558519932986255
ideological,0.9,4,exposure,2.842512089034198,0.7758689756805116,51316.0,27904.0,0.5437680255670746
structural,0.1,0,none,1.978992277068209,0.584739428915998,47666.0,22911.0,0.4806570721268829
structural,0.1,0,engagement,1.978992277068209,0.584739428915998,55789.0,28522.0,0.5112477370090878
structural,0.1,0,composition,1.978992277068209,0.584739428915998,55985.0,28722.0,0.5130302759667769
structural,0.1,0,exposure,1.978992277068209,0.584739428915998,48953.0,23921.0,0.48865238085510593
structural,0.1,1,none,1.9436815957549547,0.5982319729706765,48448.0,23965.0,0.49465406208718626
structural,0.1,1,engagement,1.9436815957549547,0.5982319729706765,56596.0,29558.0,0.5222630574598912
structural,0.1,1,composition,1.9436815957549547,0.5982319729706765,56862.0,29661.0,0.5216313179276142
structural,0.1,1,exposure,1.9436815957549547,0.5982319729706765,48943.0,24365.0,0.4978239993461782
structural,0.1,2,none,1.920180340082477,0.5946470733635675,47339.0,24155.0,0.5102558144447495
structural,0.1,2,engagement,1.920180340082477,0.5946470733635675,55951.0,29752.0,0.531750996407571
structural,0.1,2,composition,1.920180340082477,0.5946470733635675,55939.0,30092.0,0.5379431166091636
structural,0.1,2,exposure,1.920180340082477,0.5946470733635675,49150.0,25224.0,0.5132044760935911
structural,0.1,3,none,1.9528564460042934,0.5688679016572068,46823.0,21885.0,0.4673985007368174
structural,0.1,3,engagement,1.9528564460042934,0.5688679016572068,54819.0,27099.0,0.49433590543424727
structural,0.1,3,composition,1.9528564460042934,0.5688679016572068,54745.0,27054.0,0.49418211708831855
structural,0.1,3,exposure,1.9528564460042934,0.5688679016572068,47984.0,22496.0,0.4688229409803268
structural,0.1,4,none,1.9765380728416226,0.5817757344222491,49469.0,24187.0,0.4889324627544523
structural,0.1,4,engagement,1.9765380728416226,0.5817757344222491,57782.0,29658.0,0.5132740299747326
structural,0.1,4,composition,1.9765380728416226,0.5817757344222491,57698.0,29798.0,0.5164477104925648
structural,0.1,4,exposure,1.9765380728416226,0.5817757344222491,49892.0,24156.0,0.4841657981239477
structural,0.5,0,none,1.9780015723196953,0.5846570223753383,43509.0,17802.0,0.40915672619458043
structural,0.5,0,engagement,1.9780015723196953,0.5846570223753383,49450.0,21672.0,0.43826086956521737
structural,0.5,0,composition,1.9780015723196953,0.5846570223753383,49569.0,21746.0,0.43870160785975104
structural,0.5,0,exposure,1.9780015723196953,0.5846570223753383,45867.0,19805.0,0.43179192011685963
structural,0.5,1,none,1.9431444820546693,0.5985586135682078,43720.0,18633.0,0.4261893870082342
structural,0.5,1,engagement,1.9431444820546693,0.5985586135682078,49940.0,22978.0,0.46011213456147376
structural,0.5,1,composition,1.9431444820546693,0.5985586135682078,49596.0,22594.0,0.4555609323332527
structural,0.5,1,exposure,1.9431444820546693,0.5985586135682078,45547.0,20215.0,0.4438272553625925
structural,0.5,2,none,1.919407751774918,0.5943648974076601,43291.0,18543.0,0.4283338338222725
structural,0.5,2,engagement,1.919407751774918,0.5943648974076601,48997.0,22553.0,0.46029348735636877
structural,0.5,2,composition,1.919407751774918,0.5943648974076601,49394.0,22934.0,0.46430740575778434
structural,0.5,2,exposure,1.919407751774918,0.5943648974076601,45672.0,20555.0,0.45005692765808375
structural,0.5,3,none,1.9523315406225974,0.5690505034407314,42464.0,16965.0,0.3995148831951771
structural,0.5,3,engagement,1.9523315406225974,0.5690505034407314,48557.0,20802.0,0.42840373169676876
structural,0.5,3,composition,1.9523315406225974,0.5690505034407314,48966.0,20898.0,0.42678593309643426
structural,0.5,3,exposure,1.9523315406225974,0.5690505034407314,44683.0,18839.0,0.4216144842557572
structural,0.5,4,none,1.9790143967205998,0.5816836697924834,44941.0,18531.0,0.41234062437417945
structural,0.5,4,engagement,1.9790143967205998,0.5816836697924834,50339.0,21950.0,0.43604362422773596
structural,0.5,4,composition,1.9790143967205998,0.5816836697924834,50513.0,22062.0,0.4367588541563558
structural,0.5,4,exposure,1.9790143967205998,0.5816836697924834,46271.0,19741.0,0.4266387153940913
structural,0.9,0,none,1.9773173762118401,0.584825003935234,36122.0,8376.0,0.23188084823653177
structural,0.9,0,engagement,1.9773173762118401,0.584825003935234,37892.0,9743.0,0.2571255146205004
structural,0.9,0,composition,1.9773173762118401,0.584825003935234,38046.0,9762.0,0.25658413499448035
structural,0.9,0,exposure,1.9773173762118401,0.584825003935234,39557.0,11956.0,0.30224738984250576
structural,0.9,1,none,1.9420231396453367,0.5985029190724314,36061.0,9088.0,0.2520174149358032
structural,0.9,1,engagement,1.9420231396453367,0.5985029190724314,38627.0,10988.0,0.2844642348616253
structural,0.9,1,composition,1.9420231396453367,0.5985029190724314,38439.0,10870.0,0.2827857124274825
structural,0.9,1,exposure,1.9420231396453367,0.5985029190724314,39772.0,12820.0,0.3223373227396158
structural,0.9,2,none,1.9183201292634977,0.5947785717230994,35429.0,8823.0,0.24903327782325213
structural,0.9,2,engagement,1.9183201292634977,0.5947785717230994,37910.0,10535.0,0.2778950145080454
structural,0.9,2,composition,1.9183201292634977,0.5947785717230994,37588.0,10501.0,0.2793710758752793
structural,0.9,2,exposure,1.9183201292634977,0.5947785717230994,39621.0,13137.0,0.3315665934731582
structural,0.9,3,none,1.9516837204638597,0.5691134364889537,34743.0,7800.0,0.22450565581555998
structural,0.9,3,engagement,1.9516837204638597,0.5691134364889537,37259.0,9699.0,0.2603129445234708
structural,0.9,3,composition,1.9516837204638597,0.5691134364889537,37098.0,9714.0,0.2618469998382662
structural,0.9,3,exposure,1.9516837204638597,0.5691134364889537,38873.0,11839.0,0.30455586139479845
structural,0.9,4,none,1.9750911632432935,0.5818425569390843,36924.0,8789.0,0.23802946593001842
structural,0.9,4,engagement,1.9750911632432935,0.5818425569390843,38808.0,10128.0,0.26097711811997526
structural,0.9,4,composition,1.9750911632432935,0.5818425569390843,38822.0,10148.0,0.2613981762917933
structural,0.9,4,exposure,1.9750911632432935,0.5818425569390843,40632.0,12534.0,0.30847607796810395
