arm,seed,targeting_mode,delta_aff_plateau,delta_aff_per_contact,delta_aff_per_cross_contact,delta_aff_level_none,toward_other_camp,toward_mean,toward_own_pole,delta_k,delta_bic_margin,ideo_level_toward_other_camp,ideo_level_toward_mean,ideo_level_toward_own_pole,diversity_ratio_arm,diversity_ratio_none,diversity_floor_break_even,scenario,lhs_index,affective,ideological,structural
exposure,0,camp_pair,0.0019231980478684463,4.886918859247971e-8,1.7485208181366e-7,0.006285870248226244,-0.00361017745910984,-0.0035700177113479406,0.0034221123414111577,0.0,-0.00042295762727441455,-0.0004277010216943378,0.00007220145974566899,0.0007395356489203173,1.002505545798068,1.0001227879989871,NaN,consolidated_two_camp,0,0.7137515307914992,0.6735343484268732,0.9831496442346799
engagement,0,camp_pair,0.0005312208927394924,1.5064540530853652e-8,9.096248163347471e-8,0.006285870248226244,-0.00003955488864786446,-0.00006124050350887716,0.000013831596786567277,0.0,-0.00011766273915732317,-0.0004277010216943378,0.00007220145974566899,0.0007395356489203173,1.0000746596255818,1.0001227879989871,NaN,consolidated_two_camp,0,0.7137515307914992,0.6735343484268732,0.9831496442346799
composition,0,camp_pair,-0.0072321557139991555,-2.0508608535614665e-7,-1.238594915910114e-6,0.006285870248226244,-0.00003668316519300237,-0.00005753783814615326,0.000011620124120462118,0.0,-0.00011735076900819957,-0.0004277010216943378,0.00007220145974566899,0.0007395356489203173,1.0000723663270135,1.0001227879989871,1.0000723663270135,consolidated_two_camp,0,0.7137515307914992,0.6735343484268732,0.9831496442346799
exposure,1,camp_pair,0.002173039879127092,5.4880287885824126e-8,1.8157084551529847e-7,0.00517022923512056,-0.003680875370273837,-0.0036576117986323745,0.0033714861675334337,0.0,-0.00001307660809826,-0.001217288218141411,-0.0005012721163655029,0.0016956040468923436,1.0030020817017478,1.0004417282428646,NaN,consolidated_two_camp,0,0.7137515307914992,0.6735343484268732,0.9831496442346799
engagement,1,camp_pair,0.0008591777312021431,2.4101709246020623e-8,1.2670369137326988e-7,0.00517022923512056,-0.0001159043715465366,-0.00023372101059094153,0.0000416239936153924,0.0,-0.005449260890668266,-0.001217288218141411,-0.0005012721163655029,0.0016956040468923436,1.0005922828602003,1.0004417282428646,NaN,consolidated_two_camp,0,0.7137515307914992,0.6735343484268732,0.9831496442346799
composition,1,camp_pair,-0.006592474138333193,-1.8593395020118436e-7,-9.5626256720818e-7,0.00517022923512056,-0.0001719329523445234,-0.00016263375677487153,0.00010580595871575007,0.0,-0.005442466398836991,-0.001217288218141411,-0.0005012721163655029,0.0016956040468923436,1.000540829253914,1.0004417282428646,1.000540829253914,consolidated_two_camp,0,0.7137515307914992,0.6735343484268732,0.9831496442346799
exposure,0,distance,0.0019231980478684463,4.886918859247971e-8,1.7485208181366e-7,0.006285870248226244,-0.00361017745910984,-0.0035700177113479406,0.0034221123414111577,0.0,-0.00042295762727441455,-0.0004277010216943378,0.00007220145974566899,0.0007395356489203173,1.002505545798068,1.0001227879989871,NaN,consolidated_two_camp,0,0.7137515307914992,0.6735343484268732,0.9831496442346799
engagement,0,distance,0.009135784478023545,1.638940920315659e-7,1.0209861955770614e-6,0.006285870248226244,-0.0026803170904118705,-0.0028910805321847523,0.0023321556674817385,0.0,0.000013832050289701303,-0.0004277010216943378,0.00007220145974566899,0.0007395356489203173,1.0020885815552154,1.0001227879989871,NaN,consolidated_two_camp,0,0.7137515307914992,0.6735343484268732,0.9831496442346799
composition,0,distance,-0.004176945000342158,-7.556662144445333e-8,-4.7085390602436685e-7,0.006285870248226244,-0.002586729374902634,-0.0028077859645917434,0.0022404189765658864,0.0,-0.0003839875060557482,-0.0004277010216943378,0.00007220145974566899,0.0007395356489203173,1.0020098431701692,1.0001227879989871,1.0020098431701692,consolidated_two_camp,0,0.7137515307914992,0.6735343484268732,0.9831496442346799
exposure,1,distance,0.002173039879127092,5.4880287885824126e-8,1.8157084551529847e-7,0.00517022923512056,-0.003680875370273837,-0.0036576117986323745,0.0033714861675334337,0.0,-0.00001307660809826,-0.001217288218141411,-0.0005012721163655029,0.0016956040468923436,1.0030020817017478,1.0004417282428646,NaN,consolidated_two_camp,0,0.7137515307914992,0.6735343484268732,0.9831496442346799
engagement,1,distance,0.009441998752829583,1.6938143572096699e-7,9.27687045866534e-7,0.00517022923512056,-0.002510938503324057,-0.0027799985723582377,0.0020605221748718197,0.0,-0.000042888215003311636,-0.001217288218141411,-0.0005012721163655029,0.0016956040468923436,1.0023231254381344,1.0004417282428646,NaN,consolidated_two_camp,0,0.7137515307914992,0.6735343484268732,0.9831496442346799
composition,1,distance,-0.004064489930021731,-7.304321915754751e-8,-3.931221520477542e-7,0.00517022923512056,-0.002500024731540885,-0.0028222331994843626,0.0020107507122919667,0.0,-0.00004096455643081559,-0.001217288218141411,-0.0005012721163655029,0.0016956040468923436,1.0022870954039207,1.0004417282428646,1.0022870954039207,consolidated_two_camp,0,0.7137515307914992,0.6735343484268732,0.9831496442346799
exposure,0,camp_pair,0.002631471417538389,4.9709492746819596e-8,9.448730404087573e-8,0.019185010400685876,-0.011567623584700808,-0.011500095923542446,0.01128646859120213,0.0,-0.0006565782789196908,-0.03823572960222269,-0.037495699892609424,0.03750869509500236,1.0279311790732253,1.0210927388537363,NaN,consolidated_two_camp,1,0.9464207024421489,0.8848701602854708,0.7318724839295598
engagement,0,camp_pair,0.0038817523752099348,7.466631482668952e-8,1.5300561195151497e-7,0.019185010400685876,0.0015076272467143617,0.001429275499447387,-0.0015170534811346087,0.0,0.00006323421600430701,-0.03823572960222269,-0.037495699892609424,0.03750869509500236,1.0202475248474192,1.0210927388537363,NaN,consolidated_two_camp,1,0.9464207024421489,0.8848701602854708,0.7318724839295598
composition,0,camp_pair,-0.010196639923488071,-1.9460722046507503e-7,-3.969263078939652e-7,0.019185010400685876,-0.00044376439098283565,-0.00046176653584164423,0.0004331742026546029,0.0,-9.93926235582504e-6,-0.03823572960222269,-0.037495699892609424,0.03750869509500236,1.021403214942992,1.0210927388537363,1.021403214942992,consolidated_two_camp,1,0.9464207024421489,0.8848701602854708,0.7318724839295598
exposure,1,camp_pair,0.0023864574490564117,4.331767677805147e-8,8.159107829520366e-8,0.01754850389863849,-0.010010452397631556,-0.009734710984046498,0.00975529541691697,0.0,-0.0006299375124111037,-0.04101809466794985,-0.039541946089780976,0.039704344453102676,1.0291734374701464,1.0234277669526477,NaN,consolidated_two_camp,1,0.9464207024421489,0.8848701602854708,0.7318724839295598
engagement,1,camp_pair,0.004412683753842295,8.145841416703208e-8,1.6095286525540906e-7,0.01754850389863849,-0.00020102799894756301,-0.00008680664823471074,0.00021277953130584282,0.0,0.0014739517960057763,-0.04101809466794985,-0.039541946089780976,0.039704344453102676,1.023228711562562,1.0234277669526477,NaN,consolidated_two_camp,1,0.9464207024421489,0.8848701602854708,0.7318724839295598
composition,1,camp_pair,-0.010190466457440372,-1.8746603979912016e-7,-3.70387324444458e-7,0.01754850389863849,0.000695111163854123,0.0006893271339737037,-0.0007303256705783537,0.0,0.0013890899008803873,-0.04101809466794985,-0.039541946089780976,0.039704344453102676,1.0228260731375969,1.0234277669526477,1.0228260731375969,consolidated_two_camp,1,0.9464207024421489,0.8848701602854708,0.7318724839295598
exposure,0,distance,0.002631471417538389,4.9709492746819596e-8,9.448730404087573e-8,0.019185010400685876,-0.011567623584700808,-0.011500095923542446,0.01128646859120213,0.0,-0.0006565782789196908,-0.03823572960222269,-0.037495699892609424,0.03750869509500236,1.0279311790732253,1.0210927388537363,NaN,consolidated_two_camp,1,0.9464207024421489,0.8848701602854708,0.7318724839295598
engagement,0,distance,0.0302084967984122,3.949804108002275e-7,8.780774001805714e-7,0.019185010400685876,-0.009803208514602556,-0.009877884001288903,0.009367741233439558,0.0,-0.0003953756817048071,-0.03823572960222269,-0.037495699892609424,0.03750869509500236,1.0263196799153531,1.0210927388537363,NaN,consolidated_two_camp,1,0.9464207024421489,0.8848701602854708,0.7318724839295598
composition,0,distance,0.007368387547241451,9.627222842862211e-8,2.1462781588772393e-7,0.019185010400685876,-0.008748173370005906,-0.0088673099646231,0.008384401013601078,0.0,-0.0008205764789457823,-0.03823572960222269,-0.037495699892609424,0.03750869509500236,1.0258125806224447,1.0210927388537363,NaN,consolidated_two_camp,1,0.9464207024421489,0.8848701602854708,0.7318724839295598
exposure,1,distance,0.0023864574490564117,4.331767677805147e-8,8.159107829520366e-8,0.01754850389863849,-0.010010452397631556,-0.009734710984046498,0.00975529541691697,0.0,-0.0006299375124111037,-0.04101809466794985,-0.039541946089780976,0.039704344453102676,1.0291734374701464,1.0234277669526477,NaN,consolidated_two_camp,1,0.9464207024421489,0.8848701602854708,0.7318724839295598
engagement,1,distance,0.031436470842798325,4.00576860302229e-7,8.602126376466911e-7,0.01754850389863849,-0.007168983737825985,-0.00738893311349146,0.0067720737862500754,0.0,-0.0005620353956315369,-0.04101809466794985,-0.039541946089780976,0.039704344453102676,1.0271617094666858,1.0234277669526477,NaN,consolidated_two_camp,1,0.9464207024421489,0.8848701602854708,0.7318724839295598
composition,1,distance,0.008467241510726087,1.0782448949070506e-7,2.3118748152153138e-7,0.01754850389863849,-0.006415028118748452,-0.006638506801199366,0.0059864676988429025,0.0,-0.0004629448183516918,-0.04101809466794985,-0.039541946089780976,0.039704344453102676,1.0265916989417065,1.0234277669526477,NaN,consolidated_two_camp,1,0.9464207024421489,0.8848701602854708,0.7318724839295598
exposure,0,camp_pair,0.0008376162937240306,1.903240840090958e-8,4.637707179691216e-8,0.004311197796542876,-0.0018976658463208482,-0.0018941399155805827,0.001856614721451196,0.0,-0.0005086609902068343,-0.004009418556248309,-0.0035838695815957476,0.004082634032674241,1.0035165002937223,1.0023755159654655,NaN,consolidated_two_camp,2,0.5508114029651066,0.7718968694244319,0.7848576572238148
engagement,0,camp_pair,0.0007948675406197481,1.809354534656047e-8,4.752855421070007e-8,0.004311197796542876,-0.0007145512097819027,-0.000695948362282857,0.000729931659996073,0.0,-0.0003802235072208615,-0.004009418556248309,-0.0035838695815957476,0.004082634032674241,1.002721316347935,1.0023755159654655,NaN,consolidated_two_camp,2,0.5508114029651066,0.7718968694244319,0.7848576572238148
composition,0,camp_pair,-0.00839635525706961,-1.9113032681697268e-7,-5.020542488082761e-7,0.004311197796542876,-0.0007060030950120045,-0.0006874626390736042,0.000721697808574933,0.0,-0.0003800411532533937,-0.004009418556248309,-0.0035838695815957476,0.004082634032674241,1.0027164232024535,1.0023755159654655,1.0027164232024535,consolidated_two_camp,2,0.5508114029651066,0.7718968694244319,0.7848576572238148
exposure,1,camp_pair,0.0008283007906857431,1.8753838628064917e-8,4.3693664118043107e-8,0.004034364875439955,-0.0012749684243887711,-0.001192656738380496,0.0010961362733147581,0.0,-5.3103500430168316e-6,-0.0047553974002266216,-0.0041108088310673856,0.004987850453287184,1.0034099827582348,1.0027283507428897,NaN,consolidated_two_camp,2,0.5508114029651066,0.7718968694244319,0.7848576572238148
engagement,1,camp_pair,0.0008220668334211201,1.836077174683671e-8,4.5280464523333524e-8,0.004034364875439955,-0.0012881019853836955,-0.0012548880918740986,0.0011798041171124582,0.0,8.850745928143389e-6,-0.0047553974002266216,-0.0041108088310673856,0.004987850453287184,1.0034992355868197,1.0027283507428897,NaN,consolidated_two_camp,2,0.5508114029651066,0.7718968694244319,0.7848576572238148
composition,1,camp_pair,-0.008483519267397543,-1.8895935645486332e-7,-4.7031374140134957e-7,0.004034364875439955,-0.0009660688336962948,-0.0008353887971839884,0.0008935568922064062,0.0,-0.000022451591125745296,-0.0047553974002266216,-0.0041108088310673856,0.004987850453287184,1.0031531311202528,1.0027283507428897,1.0031531311202528,consolidated_two_camp,2,0.5508114029651066,0.7718968694244319,0.7848576572238148
exposure,0,distance,0.0008376162937240306,1.903240840090958e-8,4.637707179691216e-8,0.004311197796542876,-0.0018976658463208482,-0.0018941399155805827,0.001856614721451196,0.0,-0.0005086609902068343,-0.004009418556248309,-0.0035838695815957476,0.004082634032674241,1.0035165002937223,1.0023755159654655,NaN,consolidated_two_camp,2,0.5508114029651066,0.7718968694244319,0.7848576572238148
engagement,0,distance,0.00658141443549809,9.747211142456554e-8,2.712754806272656e-7,0.004311197796542876,-0.008043968824109848,-0.00810142653441563,0.007669385228973446,0.0,-0.00046476164474943543,-0.004009418556248309,-0.0035838695815957476,0.004082634032674241,1.0070666260544374,1.0023755159654655,NaN,consolidated_two_camp,2,0.5508114029651066,0.7718968694244319,0.7848576572238148
composition,0,distance,-0.009018424488305143,-1.3334355253064544e-7,-3.708233753414944e-7,0.004311197796542876,-0.007937760486048766,-0.007975315446469395,0.007576247343232462,0.0,-0.0005282423908534797,-0.004009418556248309,-0.0035838695815957476,0.004082634032674241,1.0070011416176898,1.0023755159654655,1.0070011416176898,consolidated_two_camp,2,0.5508114029651066,0.7718968694244319,0.7848576572238148
exposure,1,distance,0.0008283007906857431,1.8753838628064917e-8,4.3693664118043107e-8,0.004034364875439955,-0.0012749684243887711,-0.001192656738380496,0.0010961362733147581,0.0,-5.3103500430168316e-6,-0.0047553974002266216,-0.0041108088310673856,0.004987850453287184,1.0034099827582348,1.0027283507428897,NaN,consolidated_two_camp,2,0.5508114029651066,0.7718968694244319,0.7848576572238148
engagement,1,distance,0.006243370868024067,9.153294826231242e-8,2.3669753451962191e-7,0.004034364875439955,-0.00837286191925379,-0.00850351744754684,0.007784831451881061,0.0,-4.487003319987581e-6,-0.0047553974002266216,-0.0041108088310673856,0.004987850453287184,1.0079703610095594,1.0027283507428897,NaN,consolidated_two_camp,2,0.5508114029651066,0.7718968694244319,0.7848576572238148
composition,1,distance,-0.00909440201876266,-1.3329623197213214e-7,-3.422937264768211e-7,0.004034364875439955,-0.009044524615273695,-0.009141235041298301,0.008458535288730907,0.0,0.00003360325270440612,-0.0047553974002266216,-0.0041108088310673856,0.004987850453287184,1.0082856231715345,1.0027283507428897,1.0082856231715345,consolidated_two_camp,2,0.5508114029651066,0.7718968694244319,0.7848576572238148
exposure,0,camp_pair,0.0009691603485291189,2.1049941324669728e-8,4.7826704921492246e-8,0.008137127667712907,-0.0017275894978342875,-0.0016720393844623163,0.00163645490571986,0.0,-0.000012055560408091859,-0.007788523792359853,-0.007252561367854031,0.007769973633311471,1.0061873447008765,1.00513838881353,NaN,consolidated_two_camp,3,0.6841673772176897,0.7094137261300761,0.6917234970823039
engagement,0,camp_pair,0.002035787658226429,4.282983375886622e-8,9.9539783797498e-8,0.008137127667712907,-0.0010361888311466848,-0.00105769809629766,0.000979550882491337,0.0,-0.000050517712258793535,-0.007788523792359853,-0.007252561367854031,0.007769973633311471,1.0059188098214038,1.00513838881353,NaN,consolidated_two_camp,3,0.6841673772176897,0.7094137261300761,0.6917234970823039
composition,0,camp_pair,-0.011250140077256221,-2.3810828135066501e-7,-5.534035160242128e-7,0.008137127667712907,-0.0012105789363922072,-0.0011968023676336998,0.0011753301864463996,0.0,-0.00009850094730465275,-0.007788523792359853,-0.007252561367854031,0.007769973633311471,1.0060948275379598,1.00513838881353,1.0060948275379598,consolidated_two_camp,3,0.6841673772176897,0.7094137261300761,0.6917234970823039
exposure,1,camp_pair,0.0009921970970678817,2.165801748598362e-8,4.781672756953647e-8,0.007522450421560967,-0.0019217636714520502,-0.0017854105843020133,0.0017325310840737773,0.0,-1.2321960864355996e-6,-0.006859116785663984,-0.006197173777256916,0.006893265536793422,1.0054632493502147,1.0041800662258027,NaN,consolidated_two_camp,3,0.6841673772176897,0.7094137261300761,0.6917234970823039
engagement,1,camp_pair,0.002332900557842299,4.916130479711508e-8,1.104540768828322e-7,0.007522450421560967,-0.0006657849358378118,-0.0006115568042563291,0.000582860776944547,0.0,-0.00002086780941108063,-0.006859116785663984,-0.006197173777256916,0.006893265536793422,1.0044921486257243,1.0041800662258027,NaN,consolidated_two_camp,3,0.6841673772176897,0.7094137261300761,0.6917234970823039
composition,1,camp_pair,-0.010782292692673945,-2.2556153911288116e-7,-5.068057669881995e-7,0.007522450421560967,-0.0010539454086319344,-0.0009395893295324918,0.0009585684401570678,0.0,0.000016290995716553014,-0.006859116785663984,-0.006197173777256916,0.006893265536793422,1.0048570870133269,1.0041800662258027,1.0048570870133269,consolidated_two_camp,3,0.6841673772176897,0.7094137261300761,0.6917234970823039
exposure,0,distance,0.0009691603485291189,2.1049941324669728e-8,4.7826704921492246e-8,0.008137127667712907,-0.0017275894978342875,-0.0016720393844623163,0.00163645490571986,0.0,-0.000012055560408091859,-0.007788523792359853,-0.007252561367854031,0.007769973633311471,1.0061873447008765,1.00513838881353,NaN,consolidated_two_camp,3,0.6841673772176897,0.7094137261300761,0.6917234970823039
engagement,0,distance,0.012146130350152218,1.7247391264433803e-7,4.194685160295696e-7,0.008137127667712907,-0.008301859290932724,-0.008321300493594478,0.007841087202421777,0.0,-0.00014793432402387952,-0.007788523792359853,-0.007252561367854031,0.007769973633311471,1.0103582799826567,1.00513838881353,NaN,consolidated_two_camp,3,0.6841673772176897,0.7094137261300761,0.6917234970823039
composition,0,distance,-0.007773446245622262,-1.0998084671225612e-7,-2.6956501181198675e-7,0.008137127667712907,-0.00796849982042969,-0.007995630932768408,0.007496918316136335,0.0,-0.00016988431111973623,-0.007788523792359853,-0.007252561367854031,0.007769973633311471,1.0099867295859026,1.00513838881353,1.0099867295859026,consolidated_two_camp,3,0.6841673772176897,0.7094137261300761,0.6917234970823039
exposure,1,distance,0.0009921970970678817,2.165801748598362e-8,4.781672756953647e-8,0.007522450421560967,-0.0019217636714520502,-0.0017854105843020133,0.0017325310840737773,0.0,-1.2321960864355996e-6,-0.006859116785663984,-0.006197173777256916,0.006893265536793422,1.0054632493502147,1.0041800662258027,NaN,consolidated_two_camp,3,0.6841673772176897,0.7094137261300761,0.6917234970823039
engagement,1,distance,0.012613242969248262,1.7648551077037962e-7,4.1230527488389976e-7,0.007522450421560967,-0.008948127983695802,-0.009017750802248793,0.008240913798600136,0.0,-0.000051939284918096906,-0.006859116785663984,-0.006197173777256916,0.006893265536793422,1.0098162902610825,1.0041800662258027,NaN,consolidated_two_camp,3,0.6841673772176897,0.7094137261300761,0.6917234970823039
composition,1,distance,-0.008052837900560439,-1.1250594325775653e-7,-2.629498089978919e-7,0.007522450421560967,-0.00882896425087825,-0.00883502704701642,0.008213187885404559,0.0,-0.000014902062447495756,-0.006859116785663984,-0.006197173777256916,0.006893265536793422,1.0099085437742525,1.0041800662258027,1.0099085437742525,consolidated_two_camp,3,0.6841673772176897,0.7094137261300761,0.6917234970823039
exposure,0,camp_pair,0.0012849533283073589,3.038576731714337e-8,8.124388772808288e-8,0.00249632356377516,-0.0026528392615146933,-0.0026374063249063476,0.0025194754001051866,0.0,-0.00471765574243347,-0.0036103738068938435,-0.003282916280190555,0.0037992128140459974,1.0030401748276232,1.001686193105469,NaN,consolidated_two_camp,4,0.48089390252091246,0.9661062054044791,0.9066717840672841
engagement,0,camp_pair,0.00047808333267629344,1.1952382126460498e-8,4.107598012512187e-8,0.00249632356377516,-0.00022831946667709827,-0.0002333588658966568,0.00016965517043329064,0.0,0.00006333962157337863,-0.0036103738068938435,-0.003282916280190555,0.0037992128140459974,1.001749566128611,1.001686193105469,NaN,consolidated_two_camp,4,0.48089390252091246,0.9661062054044791,0.9066717840672841
composition,0,camp_pair,-0.00610132469091873,-1.5412055903098743e-7,-5.381305954241251e-7,0.00249632356377516,0.00003541163268887086,0.00006874768475318739,-0.000033644715834678634,0.0,-5.64811358150924e-6,-0.0036103738068938435,-0.003282916280190555,0.0037992128140459974,1.0016693010138866,1.001686193105469,1.0016693010138866,consolidated_two_camp,4,0.48089390252091246,0.9661062054044791,0.9066717840672841
exposure,1,camp_pair,0.000582767772074777,1.3444867275920569e-8,3.3314341283643576e-8,0.002312787813621986,-0.0031725138722814997,-0.0028637289247577086,0.003196600016389375,0.0,0.005799967037470752,-0.003865665107261722,-0.0035935036822116293,0.004025753767920733,1.0034455703565763,1.0018827536681605,NaN,consolidated_two_camp,4,0.48089390252091246,0.9661062054044791,0.9066717840672841
engagement,1,camp_pair,0.0002508680468512603,6.090212828977964e-9,1.8211836432033415e-8,0.002312787813621986,-0.0008775892696053248,-0.0006626755833931239,0.0009246892685908252,0.0,0.005963294848412744,-0.003865665107261722,-0.0035935036822116293,0.004025753767920733,1.0022497026354766,1.0018827536681605,NaN,consolidated_two_camp,4,0.48089390252091246,0.9661062054044791,0.9066717840672841
composition,1,camp_pair,-0.006485253970821225,-1.5757353477710292e-7,-4.742416066414059e-7,0.002312787813621986,-0.000989221807086751,-0.0006907535751995634,0.00104808904422307,0.0,0.005769465234381058,-0.003865665107261722,-0.0035935036822116293,0.004025753767920733,1.0022545988314076,1.0018827536681605,1.0022545988314076,consolidated_two_camp,4,0.48089390252091246,0.9661062054044791,0.9066717840672841
exposure,0,distance,0.0012849533283073589,3.038576731714337e-8,8.124388772808288e-8,0.00249632356377516,-0.0026528392615146933,-0.0026374063249063476,0.0025194754001051866,0.0,-0.00471765574243347,-0.0036103738068938435,-0.003282916280190555,0.0037992128140459974,1.0030401748276232,1.001686193105469,NaN,consolidated_two_camp,4,0.48089390252091246,0.9661062054044791,0.9066717840672841
engagement,0,distance,0.0041758291634969025,6.615698928227032e-8,2.407234198130456e-7,0.00249632356377516,-0.0067771877443106796,-0.0068785612638722436,0.00646358671408607,0.0,-0.0046386825351925134,-0.0036103738068938435,-0.003282916280190555,0.0037992128140459974,1.0050400576712686,1.001686193105469,NaN,consolidated_two_camp,4,0.48089390252091246,0.9661062054044791,0.9066717840672841
composition,0,distance,-0.007410730652103847,-1.176343796962419e-7,-4.2973213407386766e-7,0.00249632356377516,-0.0073966075657030134,-0.0075212266668949895,0.007071761985611408,0.0,-0.00467073232213331,-0.0036103738068938435,-0.003282916280190555,0.0037992128140459974,1.005409447877147,1.001686193105469,1.005409447877147,consolidated_two_camp,4,0.48089390252091246,0.9661062054044791,0.9066717840672841
exposure,1,distance,0.000582767772074777,1.3444867275920569e-8,3.3314341283643576e-8,0.002312787813621986,-0.0031725138722814997,-0.0028637289247577086,0.003196600016389375,0.0,0.005799967037470752,-0.003865665107261722,-0.0035935036822116293,0.004025753767920733,1.0034455703565763,1.0018827536681605,NaN,consolidated_two_camp,4,0.48089390252091246,0.9661062054044791,0.9066717840672841
engagement,1,distance,0.004175817745643684,6.453824004518622e-8,2.055129556397305e-7,0.002312787813621986,-0.008050102488029856,-0.008449457354718285,0.007636597506250617,0.0,0.005792398131649078,-0.003865665107261722,-0.0035935036822116293,0.004025753767920733,1.0061396831794718,1.0018827536681605,NaN,consolidated_two_camp,4,0.48089390252091246,0.9661062054044791,0.9066717840672841
composition,1,distance,-0.006963828929002602,-1.0723481566064987e-7,-3.3979842534413013e-7,0.002312787813621986,-0.008036987323028714,-0.00836761100534421,0.007615202273525933,0.0,0.005801819776507344,-0.003865665107261722,-0.0035935036822116293,0.004025753767920733,1.0061312513297407,1.0018827536681605,1.0061312513297407,consolidated_two_camp,4,0.48089390252091246,0.9661062054044791,0.9066717840672841
exposure,0,camp_pair,0.0026365869584892287,5.7737588054072676e-8,1.405130547052456e-7,0.011028905317367332,-0.00841625360659328,-0.008278205657902625,0.008159399148799498,0.0,-0.0006019823498651031,-0.009814884428054399,-0.009302926615044144,0.00980980077250759,1.0103389543761283,1.0053544082845107,NaN,consolidated_two_camp,5,0.8220626578865291,0.8252463355872511,0.854053145059346
engagement,0,camp_pair,0.0023547481484604837,5.450553558771547e-8,1.5460233395446678e-7,0.011028905317367332,-0.0010595090121567514,-0.0009983634997170285,0.0010515499352053651,0.0,-0.00034941409615998203,-0.009814884428054399,-0.009302926615044144,0.00980980077250759,1.0058943152704727,1.0053544082845107,NaN,consolidated_two_camp,5,0.8220626578865291,0.8252463355872511,0.854053145059346
composition,0,camp_pair,-0.009563979769259934,-2.2094346499549364e-7,-6.244029359051991e-7,0.011028905317367332,-0.0007719957456603626,-0.000776825153855517,0.0007225174868417932,0.0,-0.0004836061102048289,-0.009814884428054399,-0.009302926615044144,0.00980980077250759,1.0057376061512016,1.0053544082845107,1.0057376061512016,consolidated_two_camp,5,0.8220626578865291,0.8252463355872511,0.854053145059346
exposure,1,camp_pair,0.0029904140213141694,6.388408505264194e-8,1.4936386900325506e-7,0.01007025982566745,-0.005996796940732562,-0.0059733029219550034,0.0056084845582479986,0.0,-0.00007945532923112758,-0.011963488213258664,-0.011043573878763901,0.011811619332854366,1.0101795261172453,1.0066572851144835,NaN,consolidated_two_camp,5,0.8220626578865291,0.8252463355872511,0.854053145059346
engagement,1,camp_pair,0.0025486135334360505,5.725548791220656e-8,1.5109162517406038e-7,0.01007025982566745,-0.001019681283998191,-0.0010738593328448124,0.0009442007677548919,0.0,-0.00003188849579401076,-0.011963488213258664,-0.011043573878763901,0.011811619332854366,1.007391687790083,1.0066572851144835,NaN,consolidated_two_camp,5,0.8220626578865291,0.8252463355872511,0.854053145059346
composition,1,camp_pair,-0.00933445638487207,-2.0910989011564035e-7,-5.414731936233001e-7,0.01007025982566745,-0.001091509291321435,-0.0011864772524604519,0.0010028462314522063,0.0,-0.000042180095985139276,-0.011963488213258664,-0.011043573878763901,0.011811619332854366,1.0074336011718754,1.0066572851144835,1.0074336011718754,consolidated_two_camp,5,0.8220626578865291,0.8252463355872511,0.854053145059346
exposure,0,distance,0.0026365869584892287,5.7737588054072676e-8,1.405130547052456e-7,0.011028905317367332,-0.00841625360659328,-0.008278205657902625,0.008159399148799498,0.0,-0.0006019823498651031,-0.009814884428054399,-0.009302926615044144,0.00980980077250759,1.0103389543761283,1.0053544082845107,NaN,consolidated_two_camp,5,0.8220626578865291,0.8252463355872511,0.854053145059346
engagement,0,distance,0.018608249863257154,2.8416917159044564e-7,8.824512668116448e-7,0.011028905317367332,-0.006825705645764764,-0.006867039546248489,0.006485356777313541,0.0,-0.0004523844282945319,-0.009814884428054399,-0.009302926615044144,0.00980980077250759,1.009110565566919,1.0053544082845107,NaN,consolidated_two_camp,5,0.8220626578865291,0.8252463355872511,0.854053145059346
composition,0,distance,-0.0018416553957312232,-2.805690730851955e-8,-8.661722301435533e-8,0.011028905317367332,-0.006449016794599296,-0.006498901205149957,0.00608484661592729,0.0,-0.0005728829321574244,-0.009814884428054399,-0.009302926615044144,0.00980980077250759,1.0089550348330025,1.0053544082845107,1.0089550348330025,consolidated_two_camp,5,0.8220626578865291,0.8252463355872511,0.854053145059346
exposure,1,distance,0.0029904140213141694,6.388408505264194e-8,1.4936386900325506e-7,0.01007025982566745,-0.005996796940732562,-0.0059733029219550034,0.0056084845582479986,0.0,-0.00007945532923112758,-0.011963488213258664,-0.011043573878763901,0.011811619332854366,1.0101795261172453,1.0066572851144835,NaN,consolidated_two_camp,5,0.8220626578865291,0.8252463355872511,0.854053145059346
engagement,1,distance,0.019053822584763402,2.818195915510043e-7,7.95267856954105e-7,0.01007025982566745,-0.006452875643263361,-0.0067110174430731594,0.0059748108055578866,0.0,-0.000059164199056840894,-0.011963488213258664,-0.011043573878763901,0.011811619332854366,1.0105193801941998,1.0066572851144835,NaN,consolidated_two_camp,5,0.8220626578865291,0.8252463355872511,0.854053145059346
composition,1,distance,-0.0006928092319666845,-1.023729932717672e-8,-2.8861038615566945e-8,0.01007025982566745,-0.006623905585075815,-0.0070341227606679334,0.006049320226123823,0.0,-0.00009154107153916402,-0.011963488213258664,-0.011043573878763901,0.011811619332854366,1.010596645117219,1.0066572851144835,1.010596645117219,consolidated_two_camp,5,0.8220626578865291,0.8252463355872511,0.854053145059346
exposure,0,camp_pair,0.0003532941570618675,6.8018358726606634e-9,1.2663326895654594e-8,0.009751614502326866,0.0003300854035696941,0.00028179240920163384,-0.0003631605251863436,0.0,6.142414995580214e-6,-0.012448621006779778,-0.011693471715453405,0.011994213844480309,1.0095608263709406,1.0097037720261859,NaN,cross_cut,0,0.6713722911991205,0.5867149138882022,0.012553017635084669
engagement,0,camp_pair,0.0037897168376539447,6.380961488531839e-8,1.1364150286835626e-7,0.009751614502326866,-0.0006699772194913543,-0.0007068092605567716,0.0005773094484788546,0.0,-3.219594764014566e-6,-0.012448621006779778,-0.011693471715453405,0.011994213844480309,1.0104833534427087,1.0097037720261859,NaN,cross_cut,0,0.6713722911991205,0.5867149138882022,0.012553017635084669
composition,0,camp_pair,-0.013550771419116758,-2.2759870031100739e-7,-4.0123090691134213e-7,0.009751614502326866,-0.0006247162996155207,-0.0006502879448585033,0.0006081104089406351,0.0,-0.00005552239036397261,-0.012448621006779778,-0.011693471715453405,0.011994213844480309,1.0102102565923141,1.0097037720261859,1.0102102565923141,cross_cut,0,0.6713722911991205,0.5867149138882022,0.012553017635084669
exposure,1,camp_pair,0.0003054248860299147,5.869379211520931e-9,1.0815328825421909e-8,0.009368173898254506,0.00038171573132860306,0.0002749968095794326,-0.0004359025709653793,0.0,0.00003249364095647689,-0.010745637922910905,-0.009909328116242252,0.010398654179493655,1.0079298035072068,1.008065353684343,NaN,cross_cut,0,0.6713722911991205,0.5867149138882022,0.012553017635084669
engagement,1,camp_pair,0.0039738372432185365,6.601606849769145e-8,1.1602444505747552e-7,0.009368173898254506,-0.001034442122601455,-0.0010072344051548377,0.0009828365853601778,0.0,0.005222948613930849,-0.010745637922910905,-0.009909328116242252,0.010398654179493655,1.0087537882030029,1.008065353684343,NaN,cross_cut,0,0.6713722911991205,0.5867149138882022,0.012553017635084669
composition,1,camp_pair,-0.013447159717498769,-2.2471482290567952e-7,-3.9342187587767025e-7,0.009368173898254506,-0.0005225638467389899,-0.0004762352355192571,0.0005451376090768716,0.0,0.00004882898171967853,-0.010745637922910905,-0.009909328116242252,0.010398654179493655,1.0084397569007009,1.008065353684343,1.0084397569007009,cross_cut,0,0.6713722911991205,0.5867149138882022,0.012553017635084669
exposure,0,distance,0.0003532941570618675,6.8018358726606634e-9,1.2663326895654594e-8,0.009751614502326866,0.0003300854035696941,0.00028179240920163384,-0.0003631605251863436,0.0,6.142414995580214e-6,-0.012448621006779778,-0.011693471715453405,0.011994213844480309,1.0095608263709406,1.0097037720261859,NaN,cross_cut,0,0.6713722911991205,0.5867149138882022,0.012553017635084669
engagement,0,distance,0.015846842749341228,1.863194604399806e-7,3.33154832219258e-7,0.009751614502326866,-0.011532686335597776,-0.011487243387428805,0.01067443329006865,0.0,-0.00005515864818297911,-0.012448621006779778,-0.011693471715453405,0.011994213844480309,1.0179048843545977,1.0097037720261859,NaN,cross_cut,0,0.6713722911991205,0.5867149138882022,0.012553017635084669
composition,0,distance,-0.011510636703815802,-1.3549896060995647e-7,-2.419064939960869e-7,0.009751614502326866,-0.011838338227879993,-0.011740262851377182,0.011078394460695768,0.0,-0.00011627246099855243,-0.012448621006779778,-0.011693471715453405,0.011994213844480309,1.018229859594817,1.0097037720261859,1.018229859594817,cross_cut,0,0.6713722911991205,0.5867149138882022,0.012553017635084669
exposure,1,distance,0.0003054248860299147,5.869379211520931e-9,1.0815328825421909e-8,0.009368173898254506,0.00038171573132860306,0.0002749968095794326,-0.0004359025709653793,0.0,0.00003249364095647689,-0.010745637922910905,-0.009909328116242252,0.010398654179493655,1.0079298035072068,1.008065353684343,NaN,cross_cut,0,0.6713722911991205,0.5867149138882022,0.012553017635084669
engagement,1,distance,0.015305354337933785,1.787820712534171e-7,3.162982152541649e-7,0.009368173898254506,-0.010002107293321965,-0.00987024644067199,0.009300518029306733,0.0,0.005335836055586761,-0.010745637922910905,-0.009909328116242252,0.010398654179493655,1.015331825394933,1.008065353684343,NaN,cross_cut,0,0.6713722911991205,0.5867149138882022,0.012553017635084669
composition,1,distance,-0.011407923848312462,-1.330804676548898e-7,-2.3310496430888377e-7,0.009368173898254506,-0.010710217802432585,-0.010576144754918684,0.009874961368403436,0.0,0.005385406847113881,-0.010745637922910905,-0.009909328116242252,0.010398654179493655,1.0159549708936522,1.008065353684343,1.0159549708936522,cross_cut,0,0.6713722911991205,0.5867149138882022,0.012553017635084669
exposure,0,camp_pair,0.0001697780920825731,3.260949832563251e-9,5.350206160229827e-9,0.0019517356445944434,-0.0008484300124119541,-0.000904547676580731,0.0008204969803177996,0.0,-0.004125948390085496,-0.010309933472407167,-0.009934899326518127,0.010255258104438161,1.005594821224508,1.0051211792313726,NaN,cross_cut,1,0.28406015123088235,0.9254726199002559,0.23784100162532995
engagement,0,camp_pair,0.0007557853266310643,1.2682451405887677e-8,1.992159119170922e-8,0.0019517356445944434,-0.003578279156031013,-0.003525166967461005,0.0035297371391193287,0.0,-0.004136238836378703,-0.010309933472407167,-0.009934899326518127,0.010255258104438161,1.007021144002675,1.0051211792313726,NaN,cross_cut,1,0.28406015123088235,0.9254726199002559,0.23784100162532995
composition,0,camp_pair,-0.007815703171399513,-1.2992391733824578e-7,-2.0219126041649238e-7,0.0019517356445944434,-0.004202441917520953,-0.004065617690344364,0.0041451693372488285,0.0,-0.004020829301364999,-0.010309933472407167,-0.009934899326518127,0.010255258104438161,1.0072589971779424,1.0051211792313726,1.0072589971779424,cross_cut,1,0.28406015123088235,0.9254726199002559,0.23784100162532995
exposure,1,camp_pair,0.00014819037226870835,2.7707421335111125e-9,4.47623911885182e-9,0.0015298253645099624,-0.0003097569562736449,-0.00035233087108276287,0.00029796381935749683,0.0,0.00001223381351835029,-0.011466424411949115,-0.010938530296811664,0.011410536474169545,1.0060589310377848,1.0059004288294788,NaN,cross_cut,1,0.28406015123088235,0.9254726199002559,0.23784100162532995
engagement,1,camp_pair,0.0006163386800422388,1.0152177236735939e-8,1.5616161955058246e-8,0.0015298253645099624,-0.0033952426506820062,-0.0034184780242283823,0.003394877078368644,0.0,0.00004092614094358682,-0.011466424411949115,-0.010938530296811664,0.011410536474169545,1.007692359073305,1.0059004288294788,NaN,cross_cut,1,0.28406015123088235,0.9254726199002559,0.23784100162532995
composition,1,camp_pair,-0.0073986651461228625,-1.209722881969075e-7,-1.8655232340198847e-7,0.0015298253645099624,-0.0030104644565687854,-0.00292828413940268,0.00305665877318639,0.0,0.00010905565635362102,-0.011466424411949115,-0.010938530296811664,0.011410536474169545,1.0075086747888713,1.0059004288294788,1.0075086747888713,cross_cut,1,0.28406015123088235,0.9254726199002559,0.23784100162532995
exposure,0,distance,0.0001697780920825731,3.260949832563251e-9,5.350206160229827e-9,0.0019517356445944434,-0.0008484300124119541,-0.000904547676580731,0.0008204969803177996,0.0,-0.004125948390085496,-0.010309933472407167,-0.009934899326518127,0.010255258104438161,1.005594821224508,1.0051211792313726,NaN,cross_cut,1,0.28406015123088235,0.9254726199002559,0.23784100162532995
engagement,0,distance,0.0030077633006453386,3.403371164847174e-8,5.4628004515979926e-8,0.0019517356445944434,-0.023243061819460585,-0.023145620235539587,0.022627106800358995,0.0,-0.004251223070134785,-0.010309933472407167,-0.009934899326518127,0.010255258104438161,1.0168484342375774,1.0051211792313726,NaN,cross_cut,1,0.28406015123088235,0.9254726199002559,0.23784100162532995
composition,0,distance,-0.010024563569725753,-1.1370101365294731e-7,-1.825003835810911e-7,0.0019517356445944434,-0.024313389063461623,-0.02421346432848393,0.023700564707442175,0.0,-0.004301753579357498,-0.010309933472407167,-0.009934899326518127,0.010255258104438161,1.0174096448119254,1.0051211792313726,1.0174096448119254,cross_cut,1,0.28406015123088235,0.9254726199002559,0.23784100162532995
exposure,1,distance,0.00014819037226870835,2.7707421335111125e-9,4.47623911885182e-9,0.0015298253645099624,-0.0003097569562736449,-0.00035233087108276287,0.00029796381935749683,0.0,0.00001223381351835029,-0.011466424411949115,-0.010938530296811664,0.011410536474169545,1.0060589310377848,1.0059004288294788,NaN,cross_cut,1,0.28406015123088235,0.9254726199002559,0.23784100162532995
engagement,1,distance,0.003108596999843727,3.4316149114594e-8,5.4030607985603765e-8,0.0015298253645099624,-0.0222222480321837,-0.022333255222474636,0.021463309587037842,0.0,-0.00617940506199751,-0.011466424411949115,-0.010938530296811664,0.011410536474169545,1.0175311662474293,1.0059004288294788,NaN,cross_cut,1,0.28406015123088235,0.9254726199002559,0.23784100162532995
composition,1,distance,-0.00964450814016854,-1.0596963191852217e-7,-1.664884279060322e-7,0.0015298253645099624,-0.022792251313640217,-0.02285911318112407,0.02197509042210557,0.0,-0.006153567817592354,-0.011466424411949115,-0.010938530296811664,0.011410536474169545,1.0176301439939346,1.0059004288294788,1.0176301439939346,cross_cut,1,0.28406015123088235,0.9254726199002559,0.23784100162532995
exposure,0,camp_pair,0.00011443140707556587,2.285519834536348e-9,4.2545883059029546e-9,0.0021638059567907764,0.0004531111479461076,0.0004252241147957303,-0.0004025439977613423,0.0,-0.00006367832664215534,-0.005401955758944116,-0.004989209779132055,0.005389196452877128,1.0031611529512094,1.0035378961311896,NaN,cross_cut,2,0.3442223712767859,0.6696551311424563,0.17656468581308116
engagement,0,camp_pair,0.0010930899810539518,1.9181728513212927e-8,3.3473893157371053e-8,0.0021638059567907764,-0.0010545377803683467,-0.000977701383823983,0.0011030515002948618,0.0,-0.0001415370312606648,-0.005401955758944116,-0.004989209779132055,0.005389196452877128,1.0041830469089104,1.0035378961311896,NaN,cross_cut,2,0.3442223712767859,0.6696551311424563,0.17656468581308116
composition,0,camp_pair,-0.007759182818602106,-1.348789754133208e-7,-2.35776924810906e-7,0.0021638059567907764,-0.0009976329082924196,-0.0009428631405424392,0.0010129007276884058,0.0,-0.00002326902610367415,-0.005401955758944116,-0.004989209779132055,0.005389196452877128,1.0041298618524868,1.0035378961311896,1.0041298618524868,cross_cut,2,0.3442223712767859,0.6696551311424563,0.17656468581308116
exposure,1,camp_pair,-0.00017968625752340373,-3.602587515756836e-9,-6.591088604042393e-9,0.0022204842451463147,0.0006681840821240121,0.0005862977733437271,-0.0006781080568372781,0.0,0.005427000394741484,-0.006278194458918651,-0.005647187667905758,0.006348206511394019,1.0038043941514239,1.004163358166328,1.0038043941514239,cross_cut,2,0.3442223712767859,0.6696551311424563,0.17656468581308116
engagement,1,camp_pair,0.0007585518981354511,1.310582245953543e-8,2.2543074032971296e-8,0.0022204842451463147,-0.000979626654557867,-0.00100485254818316,0.0009071700805641809,0.0,-0.00009902555837145582,-0.006278194458918651,-0.005647187667905758,0.006348206511394019,1.0048182387293467,1.004163358166328,NaN,cross_cut,2,0.3442223712767859,0.6696551311424563,0.17656468581308116
composition,1,camp_pair,-0.008222999532586983,-1.425747643274726e-7,-2.466924529021385e-7,0.0022204842451463147,-0.001258159209159471,-0.0012395681004481428,0.0011553606302654998,0.0,-0.0001176957235473966,-0.006278194458918651,-0.005647187667905758,0.006348206511394019,1.004991440477576,1.004163358166328,1.004991440477576,cross_cut,2,0.3442223712767859,0.6696551311424563,0.17656468581308116
exposure,0,distance,0.00011443140707556587,2.285519834536348e-9,4.2545883059029546e-9,0.0021638059567907764,0.0004531111479461076,0.0004252241147957303,-0.0004025439977613423,0.0,-0.00006367832664215534,-0.005401955758944116,-0.004989209779132055,0.005389196452877128,1.0031611529512094,1.0035378961311896,NaN,cross_cut,2,0.3442223712767859,0.6696551311424563,0.17656468581308116
engagement,0,distance,0.003829093263852279,4.599842948263273e-8,8.14943443547499e-8,0.0021638059567907764,-0.013631852388047545,-0.013509519768662825,0.01300581351900686,0.0,-0.00026031684077934547,-0.005401955758944116,-0.004989209779132055,0.005389196452877128,1.0125237869673465,1.0035378961311896,NaN,cross_cut,2,0.3442223712767859,0.6696551311424563,0.17656468581308116
composition,0,distance,-0.00968454296321919,-1.1590897948869807e-7,-2.0591828715568856e-7,0.0021638059567907764,-0.013825600973277515,-0.013659434713979554,0.01320944807921929,0.0,-0.00016403553775177354,-0.005401955758944116,-0.004989209779132055,0.005389196452877128,1.0125546484622867,1.0035378961311896,1.0125546484622867,cross_cut,2,0.3442223712767859,0.6696551311424563,0.17656468581308116
exposure,1,distance,-0.00017968625752340373,-3.602587515756836e-9,-6.591088604042393e-9,0.0022204842451463147,0.0006681840821240121,0.0005862977733437271,-0.0006781080568372781,0.0,0.005427000394741484,-0.006278194458918651,-0.005647187667905758,0.006348206511394019,1.0038043941514239,1.004163358166328,1.0038043941514239,cross_cut,2,0.3442223712767859,0.6696551311424563,0.17656468581308116
engagement,1,distance,0.0034767185328385963,4.134078327731122e-8,7.254196033214256e-8,0.0022204842451463147,-0.013198152702354644,-0.012920626355521424,0.012453359721280692,0.0,0.005484968212898372,-0.006278194458918651,-0.005647187667905758,0.006348206511394019,1.012955164165135,1.004163358166328,NaN,cross_cut,2,0.3442223712767859,0.6696551311424563,0.17656468581308116
composition,1,distance,-0.009921032845375266,-1.1881618756362671e-7,-2.079488743292726e-7,0.0022204842451463147,-0.013440096635203465,-0.013291878055227866,0.012671072583178941,0.0,0.005402422263067766,-0.006278194458918651,-0.005647187667905758,0.006348206511394019,1.0132285754872428,1.004163358166328,1.0132285754872428,cross_cut,2,0.3442223712767859,0.6696551311424563,0.17656468581308116
exposure,0,camp_pair,0.00003379631076894096,6.548784228678467e-10,1.1534970739254228e-9,0.004716707693823263,-0.0006253964685613272,-0.0006336151163797085,0.0006528437201006442,0.0,-0.00007698058439892241,-0.009098870847062837,-0.008610053557533828,0.00891311868735727,1.006197786161932,1.0056339704537343,NaN,cross_cut,3,0.4812896391054057,0.7162086776726564,0.07694771984195076
engagement,0,camp_pair,0.0015953004892175215,2.698867347686553e-8,4.520673550447793e-8,0.004716707693823263,-0.0014293782706987918,-0.0014379692104954586,0.001405607115251558,0.0,-0.000035124404543798726,-0.009098870847062837,-0.008610053557533828,0.00891311868735727,1.0066570845281892,1.0056339704537343,NaN,cross_cut,3,0.4812896391054057,0.7162086776726564,0.07694771984195076
composition,0,camp_pair,-0.011910689353772375,-2.0145269862953073e-7,-3.3718404919523196e-7,0.004716707693823263,-0.0005748564873729062,-0.000569498601912171,0.0005863034980776727,0.0,-0.00001418333684358869,-0.009098870847062837,-0.008610053557533828,0.00891311868735727,1.0060054401443497,1.0056339704537343,1.0060054401443497,cross_cut,3,0.4812896391054057,0.7162086776726564,0.07694771984195076
exposure,1,camp_pair,-0.00010967933538685859,-2.096197377575036e-9,-3.619899514401749e-9,0.004390842742974299,0.00036398232155785207,0.0003928967311112707,-0.00036534817457078116,0.0,0.00007740704514393182,-0.009511990974234106,-0.008860952733952928,0.009433896624412838,1.0060159445066659,1.0062163645245394,1.0060159445066659,cross_cut,3,0.4812896391054057,0.7162086776726564,0.07694771984195076
engagement,1,camp_pair,0.0017205348915196872,2.8731128373516918e-8,4.695142288224007e-8,0.004390842742974299,-0.0018544307746685713,-0.0017460131154328953,0.0018572265705511844,0.0,-0.0058976491859716665,-0.009511990974234106,-0.008860952733952928,0.009433896624412838,1.0073701979118688,1.0062163645245394,NaN,cross_cut,3,0.4812896391054057,0.7162086776726564,0.07694771984195076
composition,1,camp_pair,-0.011809866831846483,-1.9576419897966884e-7,-3.199032107659475e-7,0.004390842742974299,-0.0014269235394100722,-0.001328475776187974,0.0013751468594036791,0.0,0.00008798170068668315,-0.009511990974234106,-0.008860952733952928,0.009433896624412838,1.0072118990660508,1.0062163645245394,1.0072118990660508,cross_cut,3,0.4812896391054057,0.7162086776726564,0.07694771984195076
exposure,0,distance,0.00003379631076894096,6.548784228678467e-10,1.1534970739254228e-9,0.004716707693823263,-0.0006253964685613272,-0.0006336151163797085,0.0006528437201006442,0.0,-0.00007698058439892241,-0.009098870847062837,-0.008610053557533828,0.00891311868735727,1.006197786161932,1.0056339704537343,NaN,cross_cut,3,0.4812896391054057,0.7162086776726564,0.07694771984195076
engagement,0,distance,0.007715646059549441,8.875802159865455e-8,1.4935435655341543e-7,0.004716707693823263,-0.015518937631854584,-0.01537516312561053,0.014880184258175694,0.0,-0.00032186673083611783,-0.009098870847062837,-0.008610053557533828,0.00891311868735727,1.015367950618505,1.0056339704537343,NaN,cross_cut,3,0.4812896391054057,0.7162086776726564,0.07694771984195076
composition,0,distance,-0.013534100498954538,-1.5404341614353153e-7,-2.606370577725372e-7,0.004716707693823263,-0.01549091358010079,-0.015282600988765056,0.01486590054427914,0.0,-0.00014737655730218818,-0.009098870847062837,-0.008610053557533828,0.00891311868735727,1.015196195393199,1.0056339704537343,1.015196195393199,cross_cut,3,0.4812896391054057,0.7162086776726564,0.07694771984195076
exposure,1,distance,-0.00010967933538685859,-2.096197377575036e-9,-3.619899514401749e-9,0.004390842742974299,0.00036398232155785207,0.0003928967311112707,-0.00036534817457078116,0.0,0.00007740704514393182,-0.009511990974234106,-0.008860952733952928,0.009433896624412838,1.0060159445066659,1.0062163645245394,1.0060159445066659,cross_cut,3,0.4812896391054057,0.7162086776726564,0.07694771984195076
engagement,1,distance,0.007519845754822119,8.650461008653076e-8,1.430308274811625e-7,0.004390842742974299,-0.01617932056607349,-0.016000185492967636,0.015392615076766529,0.0,-0.00001000874758098902,-0.009511990974234106,-0.008860952733952928,0.009433896624412838,1.0165497273608906,1.0062163645245394,NaN,cross_cut,3,0.4812896391054057,0.7162086776726564,0.07694771984195076
composition,1,distance,-0.013329155810980486,-1.5387903407927047e-7,-2.558428340463442e-7,0.004390842742974299,-0.01530933927288986,-0.015185119458779602,0.014463534797171638,0.0,-0.000012326000637129242,-0.009511990974234106,-0.008860952733952928,0.009433896624412838,1.0160042626078123,1.0062163645245394,1.0160042626078123,cross_cut,3,0.4812896391054057,0.7162086776726564,0.07694771984195076
exposure,0,camp_pair,0.00006319608394389498,1.2315803781477398e-9,2.078271637197283e-9,0.006221904650501875,-0.0003693963751703871,-0.00037588153734430425,0.00030793330982437084,0.0,0.00009583067196192174,-0.013872191058934958,-0.013414321391776757,0.013691885953428176,1.0080018939261117,1.0077695781917906,NaN,cross_cut,4,0.5440782898978583,0.8640995441207491,0.2978034381535035
engagement,0,camp_pair,0.0019420610541127648,3.340777977899891e-8,5.4656677195563566e-8,0.006221904650501875,-0.0016379735397223424,-0.0016550397787676828,0.0015398604656607674,0.0,-0.00010396556345891594,-0.013872191058934958,-0.013414321391776757,0.013691885953428176,1.0087098270828854,1.0077695781917906,NaN,cross_cut,4,0.5440782898978583,0.8640995441207491,0.2978034381535035
composition,0,camp_pair,-0.013079487826968883,-2.254073661284404e-7,-3.700310585613739e-7,0.006221904650501875,-0.00142369337785294,-0.0014033090498237998,0.001322356822838721,0.0,-0.000019305905882463503,-0.013872191058934958,-0.013414321391776757,0.013691885953428176,1.008575228455018,1.0077695781917906,1.008575228455018,cross_cut,4,0.5440782898978583,0.8640995441207491,0.2978034381535035
exposure,1,camp_pair,-0.0001773002175788907,-3.3613327313191405e-9,-5.688168674330789e-9,0.005966639850359723,-0.001092340355606609,-0.0011530197881623183,0.001008357446731169,0.0,-0.00005951707227733194,-0.012424488122259809,-0.011621987062358308,0.012338075384892934,1.0076415929144857,1.0069774574522439,1.0076415929144857,cross_cut,4,0.5440782898978583,0.8640995441207491,0.2978034381535035
engagement,1,camp_pair,0.0016859849390458148,2.8669312662321704e-8,4.632335803510866e-8,0.005966639850359723,-0.00253999856753288,-0.0028354657291673243,0.002394149750395676,0.0,0.006072202926473889,-0.012424488122259809,-0.011621987062358308,0.012338075384892934,1.008579986833527,1.0069774574522439,NaN,cross_cut,4,0.5440782898978583,0.8640995441207491,0.2978034381535035
composition,1,camp_pair,-0.012717026880187055,-2.1687347590618805e-7,-3.514641373072176e-7,0.005966639850359723,-0.0029690544681111423,-0.003120862183541946,0.0028087947396791477,0.0,-0.00013563676240464784,-0.012424488122259809,-0.011621987062358308,0.012338075384892934,1.0087289918833926,1.0069774574522439,1.0087289918833926,cross_cut,4,0.5440782898978583,0.8640995441207491,0.2978034381535035
exposure,0,distance,0.00006319608394389498,1.2315803781477398e-9,2.078271637197283e-9,0.006221904650501875,-0.0003693963751703871,-0.00037588153734430425,0.00030793330982437084,0.0,0.00009583067196192174,-0.013872191058934958,-0.013414321391776757,0.013691885953428176,1.0080018939261117,1.0077695781917906,NaN,cross_cut,4,0.5440782898978583,0.8640995441207491,0.2978034381535035
engagement,0,distance,0.009496474324294013,1.0989890551311769e-7,1.8437965875728596e-7,0.006221904650501875,-0.017839676485449957,-0.01771726182874173,0.017246043512632182,0.0,-0.00013239726287147396,-0.013872191058934958,-0.013414321391776757,0.013691885953428176,1.0172552032762785,1.0077695781917906,NaN,cross_cut,4,0.5440782898978583,0.8640995441207491,0.2978034381535035
composition,0,distance,-0.0142048626474649,-1.6454334751317518e-7,-2.76364572218621e-7,0.006221904650501875,-0.018986071448809858,-0.018856695406303983,0.01832524434899223,0.0,-0.00009945381246014712,-0.013872191058934958,-0.013414321391776757,0.013691885953428176,1.0178703733015133,1.0077695781917906,1.0178703733015133,cross_cut,4,0.5440782898978583,0.8640995441207491,0.2978034381535035
exposure,1,distance,-0.0001773002175788907,-3.3613327313191405e-9,-5.688168674330789e-9,0.005966639850359723,-0.001092340355606609,-0.0011530197881623183,0.001008357446731169,0.0,-0.00005951707227733194,-0.012424488122259809,-0.011621987062358308,0.012338075384892934,1.0076415929144857,1.0069774574522439,1.0076415929144857,cross_cut,4,0.5440782898978583,0.8640995441207491,0.2978034381535035
engagement,1,distance,0.009779579031241603,1.1267445165322429e-7,1.8502306325188443e-7,0.005966639850359723,-0.01914942792967987,-0.01933512824207747,0.018320463860357405,0.0,0.006095962045804683,-0.012424488122259809,-0.011621987062358308,0.012338075384892934,1.0175541214973969,1.0069774574522439,NaN,cross_cut,4,0.5440782898978583,0.8640995441207491,0.2978034381535035
composition,1,distance,-0.013704034543829957,-1.573819643276481e-7,-2.580408703741424e-7,0.005966639850359723,-0.019896651265357203,-0.02006998998636754,0.019114072071967178,0.0,0.006372977509323162,-0.012424488122259809,-0.011621987062358308,0.012338075384892934,1.0180509249262428,1.0069774574522439,1.0180509249262428,cross_cut,4,0.5440782898978583,0.8640995441207491,0.2978034381535035
exposure,0,camp_pair,0.00039598239115723466,8.042701150751187e-9,1.675548559883361e-8,0.007273071303292911,-0.0006449229742316667,-0.0007091477056590028,0.0006843451143892969,0.0,-0.0015406320971618967,-0.006484964724818099,-0.0058138367747289175,0.006193023349497309,1.0063941810089332,1.005652162782495,NaN,cross_cut,5,0.618863956348777,0.5008076451955685,0.1543103894957973
engagement,0,camp_pair,0.0023722792188387576,4.259870385244406e-8,8.443476718532025e-8,0.007273071303292911,-0.0010000776283515707,-0.0010327725975540067,0.0008971741227496756,0.0,0.00013653906369653912,-0.006484964724818099,-0.0058138367747289175,0.006193023349497309,1.0066465712187147,1.005652162782495,NaN,cross_cut,5,0.618863956348777,0.5008076451955685,0.1543103894957973
composition,0,camp_pair,-0.011978826593094682,-2.1365961996066497e-7,-4.2600471542710205e-7,0.007273071303292911,-0.0016076833966613448,-0.0015937569709583606,0.0015717992848256427,0.0,-0.0010603732195322985,-0.006484964724818099,-0.0058138367747289175,0.006193023349497309,1.0071046476198604,1.005652162782495,1.0071046476198604,cross_cut,5,0.618863956348777,0.5008076451955685,0.1543103894957973
exposure,1,camp_pair,0.00020151547772151446,4.102931440934836e-9,8.233859513014401e-9,0.0069100701470514725,-0.0003696726926618538,-0.00038207580935137493,0.00035645248493420753,0.0,0.00034492577311993206,-0.006087245077700042,-0.005407815420161998,0.0059332347589469625,1.0053551111923014,1.005219571314781,NaN,cross_cut,5,0.618863956348777,0.5008076451955685,0.1543103894957973
engagement,1,camp_pair,0.0029431946467171066,5.230765185130017e-8,1.0020409392336602e-7,0.0069100701470514725,-0.0009135656813723785,-0.0008260946562153168,0.0009226941211323498,0.0,-0.00004439050247472681,-0.006087245077700042,-0.005407815420161998,0.0059332347589469625,1.005851181263278,1.005219571314781,NaN,cross_cut,5,0.618863956348777,0.5008076451955685,0.1543103894957973
composition,1,camp_pair,-0.012129768906444571,-2.1693228840998966e-7,-4.126192776965191e-7,0.0069100701470514725,-0.0006865751350399792,-0.0006569626452893598,0.0006846042375264942,0.0,0.0012062961047766274,-0.006087245077700042,-0.005407815420161998,0.0059332347589469625,1.0056705553569616,1.005219571314781,1.0056705553569616,cross_cut,5,0.618863956348777,0.5008076451955685,0.1543103894957973
exposure,0,distance,0.00039598239115723466,8.042701150751187e-9,1.675548559883361e-8,0.007273071303292911,-0.0006449229742316667,-0.0007091477056590028,0.0006843451143892969,0.0,-0.0015406320971618967,-0.006484964724818099,-0.0058138367747289175,0.006193023349497309,1.0063941810089332,1.005652162782495,NaN,cross_cut,5,0.618863956348777,0.5008076451955685,0.1543103894957973
engagement,0,distance,0.011395161699852885,1.4381111980328488e-7,2.8603031451223386e-7,0.007273071303292911,-0.009091530987166611,-0.009083473798191966,0.0084219872290376,0.0,-0.0016247370507501274,-0.006484964724818099,-0.0058138367747289175,0.006193023349497309,1.0132703474334943,1.005652162782495,NaN,cross_cut,5,0.618863956348777,0.5008076451955685,0.1543103894957973
composition,0,distance,-0.01107219735502718,-1.3989408764737994e-7,-2.776517717796073e-7,0.007273071303292911,-0.009225900052256516,-0.009214378479396169,0.00843944959668888,0.0,-0.00015914662095793675,-0.006484964724818099,-0.0058138367747289175,0.006193023349497309,1.0130794734693656,1.005652162782495,1.0130794734693656,cross_cut,5,0.618863956348777,0.5008076451955685,0.1543103894957973
exposure,1,distance,0.00020151547772151446,4.102931440934836e-9,8.233859513014401e-9,0.0069100701470514725,-0.0003696726926618538,-0.00038207580935137493,0.00035645248493420753,0.0,0.00034492577311993206,-0.006087245077700042,-0.005407815420161998,0.0059332347589469625,1.0053551111923014,1.005219571314781,NaN,cross_cut,5,0.618863956348777,0.5008076451955685,0.1543103894957973
engagement,1,distance,0.012062524051377643,1.499325575351776e-7,2.856860964729565e-7,0.0069100701470514725,-0.008675153756289591,-0.00852958493108942,0.007808973045299557,0.0,-0.0003020087829874035,-0.006087245077700042,-0.005407815420161998,0.0059332347589469625,1.012254513485829,1.005219571314781,NaN,cross_cut,5,0.618863956348777,0.5008076451955685,0.1543103894957973
composition,1,distance,-0.011198194021974972,-1.4037222214948257e-7,-2.675857014976456e-7,0.0069100701470514725,-0.008533079781635483,-0.008404656200391849,0.007713948659017185,0.0,-0.00037040938650838295,-0.006087245077700042,-0.005407815420161998,0.0059332347589469625,1.012056590692658,1.005219571314781,1.012056590692658,cross_cut,5,0.618863956348777,0.5008076451955685,0.1543103894957973
exposure,0,camp_pair,-0.00004170863717162243,-1.3099857775565322e-9,NaN,0.0009302577700116554,NaN,NaN,NaN,0.0,0.000037320339301028654,NaN,NaN,NaN,0.9974474354160554,0.9977217798962632,0.9974474354160554,low_tribalization,0,0.28233384987474897,0.19915329496765338,0.30194285466433396
engagement,0,camp_pair,0.0,0.0,NaN,0.0009302577700116554,NaN,NaN,NaN,0.0,0.0,NaN,NaN,NaN,0.9977217798962632,0.9977217798962632,NaN,low_tribalization,0,0.28233384987474897,0.19915329496765338,0.30194285466433396
composition,0,camp_pair,-0.003081763951618244,-9.966572722804061e-8,NaN,0.0009302577700116554,NaN,NaN,NaN,0.0,0.0,NaN,NaN,NaN,0.9977217798962632,0.9977217798962632,0.9977217798962632,low_tribalization,0,0.28233384987474897,0.19915329496765338,0.30194285466433396
exposure,1,camp_pair,0.00007282413762343953,2.2798865951862607e-9,NaN,0.0007436560401327119,NaN,NaN,NaN,0.0,0.00004588955071881118,NaN,NaN,NaN,0.9975826042664074,0.9977309575407698,NaN,low_tribalization,0,0.28233384987474897,0.19915329496765338,0.30194285466433396
engagement,1,camp_pair,0.0,0.0,NaN,0.0007436560401327119,NaN,NaN,NaN,0.0,0.0,NaN,NaN,NaN,0.9977309575407698,0.9977309575407698,NaN,low_tribalization,0,0.28233384987474897,0.19915329496765338,0.30194285466433396
composition,1,camp_pair,-0.003052792351911471,-9.860758913115639e-8,NaN,0.0007436560401327119,NaN,NaN,NaN,0.0,0.0,NaN,NaN,NaN,0.9977309575407698,0.9977309575407698,0.9977309575407698,low_tribalization,0,0.28233384987474897,0.19915329496765338,0.30194285466433396
exposure,0,distance,-0.00004170863717162243,-1.3099857775565322e-9,NaN,0.0009302577700116554,NaN,NaN,NaN,0.0,0.000037320339301028654,NaN,NaN,NaN,0.9974474354160554,0.9977217798962632,0.9974474354160554,low_tribalization,0,0.28233384987474897,0.19915329496765338,0.30194285466433396
engagement,0,distance,0.0012376634626169447,2.4597811086273643e-8,NaN,0.0009302577700116554,NaN,NaN,NaN,0.0,0.000031103209246506613,NaN,NaN,NaN,0.9989033485439507,0.9977217798962632,NaN,low_tribalization,0,0.28233384987474897,0.19915329496765338,0.30194285466433396
composition,0,distance,-0.004036497239129466,-8.022293582815538e-8,NaN,0.0009302577700116554,NaN,NaN,NaN,0.0,0.000031103209246506613,NaN,NaN,NaN,0.9989033485439507,0.9977217798962632,0.9989033485439507,low_tribalization,0,0.28233384987474897,0.19915329496765338,0.30194285466433396
exposure,1,distance,0.00007282413762343953,2.2798865951862607e-9,NaN,0.0007436560401327119,NaN,NaN,NaN,0.0,0.00004588955071881118,NaN,NaN,NaN,0.9975826042664074,0.9977309575407698,NaN,low_tribalization,0,0.28233384987474897,0.19915329496765338,0.30194285466433396
engagement,1,distance,0.001338418403877939,2.6751247279300027e-8,NaN,0.0007436560401327119,NaN,NaN,NaN,0.0,0.00004066826726711881,NaN,NaN,NaN,0.9996197403783365,0.9977309575407698,NaN,low_tribalization,0,0.28233384987474897,0.19915329496765338,0.30194285466433396
composition,1,distance,-0.004093024921712096,-8.180814122385865e-8,NaN,0.0007436560401327119,NaN,NaN,NaN,0.0,0.00004066826726711881,NaN,NaN,NaN,0.9996197403783365,0.9977309575407698,0.9996197403783365,low_tribalization,0,0.28233384987474897,0.19915329496765338,0.30194285466433396
exposure,0,camp_pair,-0.000033878044273571994,-1.049018246588388e-9,NaN,0.0010835601979061193,NaN,NaN,NaN,0.0,2.992051799250925e-6,NaN,NaN,NaN,0.997763702859396,0.9975770979329591,0.997763702859396,low_tribalization,1,0.33265981952231605,0.2517141945764657,0.03127342398215099
engagement,0,camp_pair,0.0,0.0,NaN,0.0010835601979061193,NaN,NaN,NaN,0.0,0.0,NaN,NaN,NaN,0.9975770979329591,0.9975770979329591,NaN,low_tribalization,1,0.33265981952231605,0.2517141945764657,0.03127342398215099
composition,0,camp_pair,-0.003578015749491903,-1.1370330969530644e-7,NaN,0.0010835601979061193,NaN,NaN,NaN,0.0,0.0,NaN,NaN,NaN,0.9975770979329591,0.9975770979329591,0.9975770979329591,low_tribalization,1,0.33265981952231605,0.2517141945764657,0.03127342398215099
exposure,1,camp_pair,0.00007411447968275198,2.292224033734945e-9,NaN,0.000979524778476848,NaN,NaN,NaN,0.0,-0.00005894613051531106,NaN,NaN,NaN,0.9978371815937125,0.9980984394588823,NaN,low_tribalization,1,0.33265981952231605,0.2517141945764657,0.03127342398215099
engagement,1,camp_pair,0.0,0.0,NaN,0.000979524778476848,NaN,NaN,NaN,0.0,0.0,NaN,NaN,NaN,0.9980984394588823,0.9980984394588823,NaN,low_tribalization,1,0.33265981952231605,0.2517141945764657,0.03127342398215099
composition,1,camp_pair,-0.003666054279459874,-1.1704780433127531e-7,NaN,0.000979524778476848,NaN,NaN,NaN,0.0,0.0,NaN,NaN,NaN,0.9980984394588823,0.9980984394588823,0.9980984394588823,low_tribalization,1,0.33265981952231605,0.2517141945764657,0.03127342398215099
exposure,0,distance,-0.000033878044273571994,-1.049018246588388e-9,NaN,0.0010835601979061193,NaN,NaN,NaN,0.0,2.992051799250925e-6,NaN,NaN,NaN,0.997763702859396,0.9975770979329591,0.997763702859396,low_tribalization,1,0.33265981952231605,0.2517141945764657,0.03127342398215099
engagement,0,distance,0.0020537303734243784,3.9674111338247434e-8,NaN,0.0010835601979061193,NaN,NaN,NaN,0.0,0.00004818314221108691,NaN,NaN,NaN,0.9991340867577204,0.9975770979329591,NaN,low_tribalization,1,0.33265981952231605,0.2517141945764657,0.03127342398215099
composition,0,distance,-0.004529880724557511,-8.750856224393917e-8,NaN,0.0010835601979061193,NaN,NaN,NaN,0.0,0.00004818314221108691,NaN,NaN,NaN,0.9991340867577204,0.9975770979329591,0.9991340867577204,low_tribalization,1,0.33265981952231605,0.2517141945764657,0.03127342398215099
exposure,1,distance,0.00007411447968275198,2.292224033734945e-9,NaN,0.000979524778476848,NaN,NaN,NaN,0.0,-0.00005894613051531106,NaN,NaN,NaN,0.9978371815937125,0.9980984394588823,NaN,low_tribalization,1,0.33265981952231605,0.2517141945764657,0.03127342398215099
engagement,1,distance,0.0018482315880465894,3.572152276858503e-8,NaN,0.000979524778476848,NaN,NaN,NaN,0.0,-0.0001848123800905939,NaN,NaN,NaN,0.999657915025957,0.9980984394588823,NaN,low_tribalization,1,0.33265981952231605,0.2517141945764657,0.03127342398215099
composition,1,distance,-0.004768857478563593,-9.216964589415525e-8,NaN,0.000979524778476848,NaN,NaN,NaN,0.0,-0.0001848123800905939,NaN,NaN,NaN,0.999657915025957,0.9980984394588823,0.999657915025957,low_tribalization,1,0.33265981952231605,0.2517141945764657,0.03127342398215099
exposure,0,camp_pair,0.00007012147986806827,2.191844206928866e-9,NaN,0.00017796842727837991,NaN,NaN,NaN,0.0,7.608739159663258e-6,NaN,NaN,NaN,0.9975599981923057,0.9971801216460837,NaN,low_tribalization,2,0.00633748325744408,0.14204905971493076,0.05873046715614793
engagement,0,camp_pair,0.0,0.0,NaN,0.00017796842727837991,NaN,NaN,NaN,0.0,0.0,NaN,NaN,NaN,0.9971801216460837,0.9971801216460837,NaN,low_tribalization,2,0.00633748325744408,0.14204905971493076,0.05873046715614793
composition,0,camp_pair,-0.0012634507881969237,-4.0847395434901025e-8,NaN,0.00017796842727837991,NaN,NaN,NaN,0.0,0.0,NaN,NaN,NaN,0.9971801216460837,0.9971801216460837,0.9971801216460837,low_tribalization,2,0.00633748325744408,0.14204905971493076,0.05873046715614793
exposure,1,camp_pair,0.000015392138380337927,4.823760813669475e-10,NaN,0.00013154242770707647,NaN,NaN,NaN,0.0,-0.00039625771215022476,NaN,NaN,NaN,0.9974745316528187,0.9970143900622314,NaN,low_tribalization,2,0.00633748325744408,0.14204905971493076,0.05873046715614793
engagement,1,camp_pair,0.0,0.0,NaN,0.00013154242770707647,NaN,NaN,NaN,0.0,0.0,NaN,NaN,NaN,0.9970143900622314,0.9970143900622314,NaN,low_tribalization,2,0.00633748325744408,0.14204905971493076,0.05873046715614793
composition,1,camp_pair,-0.0012675298092034437,-4.1024365122938916e-8,NaN,0.00013154242770707647,NaN,NaN,NaN,0.0,0.0,NaN,NaN,NaN,0.9970143900622314,0.9970143900622314,0.9970143900622314,low_tribalization,2,0.00633748325744408,0.14204905971493076,0.05873046715614793
exposure,0,distance,0.00007012147986806827,2.191844206928866e-9,NaN,0.00017796842727837991,NaN,NaN,NaN,0.0,7.608739159663258e-6,NaN,NaN,NaN,0.9975599981923057,0.9971801216460837,NaN,low_tribalization,2,0.00633748325744408,0.14204905971493076,0.05873046715614793
engagement,0,distance,0.00039843517699042486,7.945661122553093e-9,NaN,0.00017796842727837991,NaN,NaN,NaN,0.0,0.00002484700225864611,NaN,NaN,NaN,0.9989963922912642,0.9971801216460837,NaN,low_tribalization,2,0.00633748325744408,0.14204905971493076,0.05873046715614793
composition,0,distance,-0.001880767824802454,-3.750658739261051e-8,NaN,0.00017796842727837991,NaN,NaN,NaN,0.0,0.00002484700225864611,NaN,NaN,NaN,0.9989963922912642,0.9971801216460837,0.9989963922912642,low_tribalization,2,0.00633748325744408,0.14204905971493076,0.05873046715614793
exposure,1,distance,0.000015392138380337927,4.823760813669475e-10,NaN,0.00013154242770707647,NaN,NaN,NaN,0.0,-0.00039625771215022476,NaN,NaN,NaN,0.9974745316528187,0.9970143900622314,NaN,low_tribalization,2,0.00633748325744408,0.14204905971493076,0.05873046715614793
engagement,1,distance,0.0003857832135271133,7.82918748913472e-9,NaN,0.00013154242770707647,NaN,NaN,NaN,0.0,-0.00023131752980415365,NaN,NaN,NaN,0.998973473438551,0.9970143900622314,NaN,low_tribalization,2,0.00633748325744408,0.14204905971493076,0.05873046715614793
composition,1,distance,-0.00187299131301219,-3.8010985550729375e-8,NaN,0.00013154242770707647,NaN,NaN,NaN,0.0,-0.00023131752980415365,NaN,NaN,NaN,0.998973473438551,0.9970143900622314,0.998973473438551,low_tribalization,2,0.00633748325744408,0.14204905971493076,0.05873046715614793
exposure,0,camp_pair,-0.000028669699042305208,-9.05578162364737e-10,NaN,0.00035032448112143344,NaN,NaN,NaN,0.0,-2.96160728849304e-6,NaN,NaN,NaN,0.9974620979279734,0.9975075011065802,0.9974620979279734,low_tribalization,3,0.10251957566288045,0.05195771814103873,0.271509587933563
engagement,0,camp_pair,0.0,0.0,NaN,0.00035032448112143344,NaN,NaN,NaN,0.0,0.0,NaN,NaN,NaN,0.9975075011065802,0.9975075011065802,NaN,low_tribalization,3,0.10251957566288045,0.05195771814103873,0.271509587933563
composition,0,camp_pair,-0.001761901286877976,-5.727152798329138e-8,NaN,0.00035032448112143344,NaN,NaN,NaN,0.0,0.0,NaN,NaN,NaN,0.9975075011065802,0.9975075011065802,0.9975075011065802,low_tribalization,3,0.10251957566288045,0.05195771814103873,0.271509587933563
exposure,1,camp_pair,-9.449952506623838e-6,-2.9880327915714403e-10,NaN,0.0002818791159657774,NaN,NaN,NaN,0.0,-0.00004604598016015593,NaN,NaN,NaN,0.9972426672279819,0.9974002294352741,0.9972426672279819,low_tribalization,3,0.10251957566288045,0.05195771814103873,0.271509587933563
engagement,1,camp_pair,0.0,0.0,NaN,0.0002818791159657774,NaN,NaN,NaN,0.0,0.0,NaN,NaN,NaN,0.9974002294352741,0.9974002294352741,NaN,low_tribalization,3,0.10251957566288045,0.05195771814103873,0.271509587933563
composition,1,camp_pair,-0.0017615175737086264,-5.740460059012665e-8,NaN,0.0002818791159657774,NaN,NaN,NaN,0.0,0.0,NaN,NaN,NaN,0.9974002294352741,0.9974002294352741,0.9974002294352741,low_tribalization,3,0.10251957566288045,0.05195771814103873,0.271509587933563
exposure,0,distance,-0.000028669699042305208,-9.05578162364737e-10,NaN,0.00035032448112143344,NaN,NaN,NaN,0.0,-2.96160728849304e-6,NaN,NaN,NaN,0.9974620979279734,0.9975075011065802,0.9974620979279734,low_tribalization,3,0.10251957566288045,0.05195771814103873,0.271509587933563
engagement,0,distance,0.000505530021416456,1.0395435357114045e-8,NaN,0.00035032448112143344,NaN,NaN,NaN,0.0,-0.000010394049354878199,NaN,NaN,NaN,0.9985896750473198,0.9975075011065802,NaN,low_tribalization,3,0.10251957566288045,0.05195771814103873,0.271509587933563
composition,0,distance,-0.002393045437839747,-4.920924198724546e-8,NaN,0.00035032448112143344,NaN,NaN,NaN,0.0,-0.000010394049354878199,NaN,NaN,NaN,0.9985896750473198,0.9975075011065802,0.9985896750473198,low_tribalization,3,0.10251957566288045,0.05195771814103873,0.271509587933563
exposure,1,distance,-9.449952506623838e-6,-2.9880327915714403e-10,NaN,0.0002818791159657774,NaN,NaN,NaN,0.0,-0.00004604598016015593,NaN,NaN,NaN,0.9972426672279819,0.9974002294352741,0.9972426672279819,low_tribalization,3,0.10251957566288045,0.05195771814103873,0.271509587933563
engagement,1,distance,0.00047346815366555717,9.696454026614454e-9,NaN,0.0002818791159657774,NaN,NaN,NaN,0.0,-0.00007493619896198345,NaN,NaN,NaN,0.9989167123358467,0.9974002294352741,NaN,low_tribalization,3,0.10251957566288045,0.05195771814103873,0.271509587933563
composition,1,distance,-0.00255671520047282,-5.23605890039284e-8,NaN,0.0002818791159657774,NaN,NaN,NaN,0.0,-0.00007493619896198345,NaN,NaN,NaN,0.9989167123358467,0.9974002294352741,0.9989167123358467,low_tribalization,3,0.10251957566288045,0.05195771814103873,0.271509587933563
exposure,0,camp_pair,0.00006596419212567817,2.035366476154098e-9,NaN,0.0004718624702831353,NaN,NaN,NaN,0.0,-0.000027582873078177417,NaN,NaN,NaN,0.9975769086283945,0.9976021153276671,NaN,low_tribalization,4,0.1878791542105581,0.3185202702048181,0.17941843204861835
engagement,0,camp_pair,0.0,0.0,NaN,0.0004718624702831353,NaN,NaN,NaN,0.0,0.0,NaN,NaN,NaN,0.9976021153276671,0.9976021153276671,NaN,low_tribalization,4,0.1878791542105581,0.3185202702048181,0.17941843204861835
composition,0,camp_pair,-0.002321052292875103,-7.331413793471377e-8,NaN,0.0004718624702831353,NaN,NaN,NaN,0.0,0.0,NaN,NaN,NaN,0.9976021153276671,0.9976021153276671,0.9976021153276671,low_tribalization,4,0.1878791542105581,0.3185202702048181,0.17941843204861835
exposure,1,camp_pair,-0.00004579048184449874,-1.4110218736749273e-9,NaN,0.00039254582813219585,NaN,NaN,NaN,0.0,0.0000252514921341776,NaN,NaN,NaN,0.9978571525150505,0.997921149971564,0.9978571525150505,low_tribalization,4,0.1878791542105581,0.3185202702048181,0.17941843204861835
engagement,1,camp_pair,0.0,0.0,NaN,0.00039254582813219585,NaN,NaN,NaN,0.0,0.0,NaN,NaN,NaN,0.997921149971564,0.997921149971564,NaN,low_tribalization,4,0.1878791542105581,0.3185202702048181,0.17941843204861835
composition,1,camp_pair,-0.002424400590446796,-7.743214916789511e-8,NaN,0.00039254582813219585,NaN,NaN,NaN,0.0,0.0,NaN,NaN,NaN,0.997921149971564,0.997921149971564,0.997921149971564,low_tribalization,4,0.1878791542105581,0.3185202702048181,0.17941843204861835
exposure,0,distance,0.00006596419212567817,2.035366476154098e-9,NaN,0.0004718624702831353,NaN,NaN,NaN,0.0,-0.000027582873078177417,NaN,NaN,NaN,0.9975769086283945,0.9976021153276671,NaN,low_tribalization,4,0.1878791542105581,0.3185202702048181,0.17941843204861835
engagement,0,distance,0.0009907351016610333,1.902260093047566e-8,NaN,0.0004718624702831353,NaN,NaN,NaN,0.0,-0.00011621588590758972,NaN,NaN,NaN,0.9999430425047704,0.9976021153276671,NaN,low_tribalization,4,0.1878791542105581,0.3185202702048181,0.17941843204861835
composition,0,distance,-0.0033147025872991565,-6.364391896046919e-8,NaN,0.0004718624702831353,NaN,NaN,NaN,0.0,-0.00011621588590758972,NaN,NaN,NaN,0.9999430425047704,0.9976021153276671,0.9999430425047704,low_tribalization,4,0.1878791542105581,0.3185202702048181,0.17941843204861835
exposure,1,distance,-0.00004579048184449874,-1.4110218736749273e-9,NaN,0.00039254582813219585,NaN,NaN,NaN,0.0,0.0000252514921341776,NaN,NaN,NaN,0.9978571525150505,0.997921149971564,0.9978571525150505,low_tribalization,4,0.1878791542105581,0.3185202702048181,0.17941843204861835
engagement,1,distance,0.00097463527916819,1.8699115136951577e-8,NaN,0.00039254582813219585,NaN,NaN,NaN,0.0,-0.00004065710477488271,NaN,NaN,NaN,0.9999578825982535,0.997921149971564,NaN,low_tribalization,4,0.1878791542105581,0.3185202702048181,0.17941843204861835
composition,1,distance,-0.0033408924179235133,-6.409754840419618e-8,NaN,0.00039254582813219585,NaN,NaN,NaN,0.0,-0.00004065710477488271,NaN,NaN,NaN,0.9999578825982535,0.997921149971564,0.9999578825982535,low_tribalization,4,0.1878791542105581,0.3185202702048181,0.17941843204861835
exposure,0,camp_pair,0.00007397880185044947,2.326596906955042e-9,NaN,0.00034831835094617514,NaN,NaN,NaN,0.0,0.00003345646815917924,NaN,NaN,NaN,0.9972812784597638,0.9975523249449922,NaN,low_tribalization,5,0.11699534048307098,0.06286906629506474,0.16553194162557228
engagement,0,camp_pair,0.0,0.0,NaN,0.00034831835094617514,NaN,NaN,NaN,0.0,0.0,NaN,NaN,NaN,0.9975523249449922,0.9975523249449922,NaN,low_tribalization,5,0.11699534048307098,0.06286906629506474,0.16553194162557228
composition,0,camp_pair,-0.0017375766343349919,-5.668906836106463e-8,NaN,0.00034831835094617514,NaN,NaN,NaN,0.0,0.0,NaN,NaN,NaN,0.9975523249449922,0.9975523249449922,0.9975523249449922,low_tribalization,5,0.11699534048307098,0.06286906629506474,0.16553194162557228
exposure,1,camp_pair,0.000016412941252430535,5.152067442769418e-10,NaN,0.00024190102082388698,NaN,NaN,NaN,0.0,0.00003855770694638494,NaN,NaN,NaN,0.997373971879159,0.9976174262456612,NaN,low_tribalization,5,0.11699534048307098,0.06286906629506474,0.16553194162557228
engagement,1,camp_pair,0.0,0.0,NaN,0.00024190102082388698,NaN,NaN,NaN,0.0,0.0,NaN,NaN,NaN,0.9976174262456612,0.9976174262456612,NaN,low_tribalization,5,0.11699534048307098,0.06286906629506474,0.16553194162557228
composition,1,camp_pair,-0.0017941209401707292,-5.84099798206384e-8,NaN,0.00024190102082388698,NaN,NaN,NaN,0.0,0.0,NaN,NaN,NaN,0.9976174262456612,0.9976174262456612,0.9976174262456612,low_tribalization,5,0.11699534048307098,0.06286906629506474,0.16553194162557228
exposure,0,distance,0.00007397880185044947,2.326596906955042e-9,NaN,0.00034831835094617514,NaN,NaN,NaN,0.0,0.00003345646815917924,NaN,NaN,NaN,0.9972812784597638,0.9975523249449922,NaN,low_tribalization,5,0.11699534048307098,0.06286906629506474,0.16553194162557228
engagement,0,distance,0.0007027401959264767,1.4134238337989033e-8,NaN,0.00034831835094617514,NaN,NaN,NaN,0.0,0.000016711290475715512,NaN,NaN,NaN,0.9988591883755316,0.9975523249449922,NaN,low_tribalization,5,0.11699534048307098,0.06286906629506474,0.16553194162557228
composition,0,distance,-0.002578452110441831,-5.1860498208769914e-8,NaN,0.00034831835094617514,NaN,NaN,NaN,0.0,0.000016711290475715512,NaN,NaN,NaN,0.9988591883755316,0.9975523249449922,0.9988591883755316,low_tribalization,5,0.11699534048307098,0.06286906629506474,0.16553194162557228
exposure,1,distance,0.000016412941252430535,5.152067442769418e-10,NaN,0.00024190102082388698,NaN,NaN,NaN,0.0,0.00003855770694638494,NaN,NaN,NaN,0.997373971879159,0.9976174262456612,NaN,low_tribalization,5,0.11699534048307098,0.06286906629506474,0.16553194162557228
engagement,1,distance,0.0005472469496430876,1.1177657828858589e-8,NaN,0.00024190102082388698,NaN,NaN,NaN,0.0,0.00002188242458926737,NaN,NaN,NaN,0.9986327824330764,0.9976174262456612,NaN,low_tribalization,5,0.11699534048307098,0.06286906629506474,0.16553194162557228
composition,1,distance,-0.0025414201930823443,-5.190915241492564e-8,NaN,0.00024190102082388698,NaN,NaN,NaN,0.0,0.00002188242458926737,NaN,NaN,NaN,0.9986327824330764,0.9976174262456612,0.9986327824330764,low_tribalization,5,0.11699534048307098,0.06286906629506474,0.16553194162557228
