arm,seed,delta_aff_plateau,delta_aff_per_contact,delta_aff_per_cross_contact,toward_other_camp,toward_mean,toward_own_pole,delta_k,delta_bic_margin,ideo_level_toward_other_camp,ideo_level_toward_mean,ideo_level_toward_own_pole,swept_dial,level,affective,ideological,structural
exposure,0,0.00007954098808421461,1.7678918048589664e-9,2.111576842608368e-9,-0.00015121658112686692,-0.000172674837915122,0.00014784668115686928,0.0,0.00012374951397855355,-0.0011184619094500574,-0.0006637734199782024,0.0014000461005115664,affective,0.1,0.1,0.5,0.5
engagement,0,0.0002059331837326872,4.225744028331668e-9,5.007372069559092e-9,-0.0006792975035528274,-0.0006517888194791387,0.0006675635574146426,0.0,0.0000612219554560478,-0.0011184619094500574,-0.0006637734199782024,0.0014000461005115664,affective,0.1,0.1,0.5,0.5
composition,0,-0.003986823407732515,-8.180952142762634e-8,-9.694167698615267e-8,-0.0006741470198084233,-0.0006465741481808937,0.0006630054011606207,0.0,0.0000612738510289007,-0.0011184619094500574,-0.0006637734199782024,0.0014000461005115664,affective,0.1,0.1,0.5,0.5
exposure,1,-0.00003880119514193536,-8.616169285176507e-10,-1.0363013498727462e-9,-0.00030428197580040207,-0.00032207751875884907,0.0002585639717880969,0.0,0.0006430447697559696,-0.0012732370687888422,-0.0007336415931624043,0.0016091655782865212,affective,0.1,0.1,0.5,0.5
engagement,1,0.00024244571982812158,4.869170144362982e-9,5.792238331178096e-9,-0.0005049148701994279,-0.00043503313648158236,0.0005754061564260267,0.0,0.00028227767921537583,-0.0012732370687888422,-0.0007336415931624043,0.0016091655782865212,affective,0.1,0.1,0.5,0.5
composition,1,-0.004085238123005458,-8.204607412848366e-8,-9.759987870620106e-8,-0.0005049148701994279,-0.00043503313648158236,0.0005754061564260267,0.0,0.00028227767921537583,-0.0012732370687888422,-0.0007336415931624043,0.0016091655782865212,affective,0.1,0.1,0.5,0.5
exposure,2,0.000019191913602112365,4.273702006839104e-10,5.109804201952226e-10,-0.00039192833256974794,-0.00036751714476950924,0.0003656361260841912,0.0,-0.0005022341813542483,-0.0022574904827027263,-0.001983636273264952,0.0023201482804155234,affective,0.1,0.1,0.5,0.5
engagement,2,0.00026774589145606154,5.448079997071147e-9,6.477932145941681e-9,-0.0007102688877060979,-0.0007193923107576537,0.000598955633603866,0.0,-0.0014562791001536263,-0.0022574904827027263,-0.001983636273264952,0.0023201482804155234,affective,0.1,0.1,0.5,0.5
composition,2,-0.004040839819255626,-8.254192256675776e-8,-9.806911511638739e-8,-0.0006951532721630994,-0.000651829350762479,0.0006323177865792005,0.0,-0.001426020973272435,-0.0022574904827027263,-0.001983636273264952,0.0023201482804155234,affective,0.1,0.1,0.5,0.5
exposure,3,0.00006532964774763617,1.4781466558281368e-9,1.7870626076438485e-9,-0.0003797526172367369,-0.00037579118643803525,0.00030686010096078807,0.0,-0.000011318288432482504,-0.0013969813402993263,-0.0011461427200035153,0.0016185474097631452,affective,0.1,0.1,0.5,0.5
engagement,3,0.00021930000373981962,4.5368034204935996e-9,5.4102729496180885e-9,-0.0004137306118098909,-0.0004066902581818831,0.00030207388714946146,0.0,-0.00003258260947860275,-0.0013969813402993263,-0.0011461427200035153,0.0016185474097631452,affective,0.1,0.1,0.5,0.5
composition,3,-0.004060765172230002,-8.402858031349588e-8,-1.0018417517158863e-7,-0.0005180970435600526,-0.0005419915527564538,0.0003863154428034468,0.0,-0.00003788725398225917,-0.0013969813402993263,-0.0011461427200035153,0.0016185474097631452,affective,0.1,0.1,0.5,0.5
exposure,4,0.00006462903896220507,1.4016273902018015e-9,1.6751085729667998e-9,-0.00026190749256686753,-0.00021792249978867513,0.0003137713358823508,0.0,0.0002565360882848533,-0.0010193929443956344,-0.0009159614416735807,0.001023679473866249,affective,0.1,0.1,0.5,0.5
engagement,4,0.00032358056355902276,6.400311797753481e-9,7.556585870461287e-9,-0.000599320905725353,-0.0004701347892240095,0.0006082480198973889,0.0,-0.00018864244530721053,-0.0010193929443956344,-0.0009159614416735807,0.001023679473866249,affective,0.1,0.1,0.5,0.5
composition,4,-0.0040903458586036,-8.08224991326365e-8,-9.54550852629717e-8,-0.000587993225582362,-0.0005412973052529479,0.0005510975288796421,0.0,-0.00020237415391161084,-0.0010193929443956344,-0.0009159614416735807,0.001023679473866249,affective,0.1,0.1,0.5,0.5
exposure,0,0.0004846678662224768,1.071728691644687e-8,1.2768866512697969e-8,-0.0007101236725665667,-0.0006950245677305518,0.0005970340857186169,0.0,6.3390905283775e-6,-0.0024038779815703537,-0.0018899123575542682,0.0026181206025000063,affective,0.5,0.5,0.5,0.5
engagement,0,0.0015489887890610676,3.147903324854325e-8,3.724605148266489e-8,-0.0007434862718402545,-0.0007343596868933575,0.0006463335217912623,0.0,0.00002507226811308133,-0.0024038779815703537,-0.0018899123575542682,0.0026181206025000063,affective,0.5,0.5,0.5,0.5
composition,0,-0.011263498580655229,-2.2832958809355825e-7,-2.710047298170259e-7,-0.0009618888463694647,-0.0009359356339177971,0.0008567263011215538,0.0,0.00013447364844023507,-0.0024038779815703537,-0.0018899123575542682,0.0026181206025000063,affective,0.5,0.5,0.5,0.5
exposure,1,-0.00038819322185335015,-8.56560507178619e-9,-1.0233924439875307e-8,-0.0008801830900045048,-0.0008983459315091667,0.0007171722913116361,0.0,-0.0012656744695719868,-0.002825639481451539,-0.002118968528436027,0.003153314289598864,affective,0.5,0.5,0.5,0.5
engagement,1,0.0014575849031155386,2.9551230701393614e-8,3.506001113954728e-8,-0.001193239717561639,-0.0012317310301750047,0.0009583611609656831,0.0,0.0000533446181143829,-0.002825639481451539,-0.002118968528436027,0.003153314289598864,affective,0.5,0.5,0.5,0.5
composition,1,-0.01210446246329433,-2.4209893322321555e-7,-2.8652327944170644e-7,-0.0008913960182698557,-0.0008739518466944558,0.0007166679546417427,0.0,0.00013353635802473146,-0.002825639481451539,-0.002118968528436027,0.003153314289598864,affective,0.5,0.5,0.5,0.5
exposure,2,0.00032551425729254735,7.200368458957427e-9,8.604659193564562e-9,-0.0010747238747279963,-0.001096716948016949,0.0009180791929033782,0.0,0.00020013254403043051,-0.003800007062535863,-0.003430356753022025,0.0038077970744567866,affective,0.5,0.5,0.5,0.5
engagement,2,0.001452241678513766,2.943872369329156e-8,3.483847135693333e-8,-0.0009481774356724908,-0.0009300358564815377,0.0008708598122068325,0.0,0.00008197200964176615,-0.003800007062535863,-0.003430356753022025,0.0038077970744567866,affective,0.5,0.5,0.5,0.5
composition,2,-0.01167580252300604,-2.38135886661351e-7,-2.833176220670704e-7,-0.0005208587923179282,-0.000511544019648009,0.0005061083747051284,0.0,-4.814280789987302e-6,-0.003800007062535863,-0.003430356753022025,0.0038077970744567866,affective,0.5,0.5,0.5,0.5
exposure,3,0.0004349235326671641,9.80043112954987e-9,1.1758821549927383e-8,-0.001283012348172735,-0.0012898997954792883,0.0011985521031078407,0.0,0.00006266105984368414,-0.0020785785594460023,-0.0018688782275050567,0.0021612158452334472,affective,0.5,0.5,0.5,0.5
engagement,3,0.00227271346082214,4.655101103646184e-8,5.536047209271284e-8,-0.0009003553941462805,-0.0008548916770923052,0.0009268764306824416,0.0,0.000023381418699168488,-0.0020785785594460023,-0.0018688782275050567,0.0021612158452334472,affective,0.5,0.5,0.5,0.5
composition,3,-0.011187063637431938,-2.2858732401781646e-7,-2.718539923071599e-7,-0.001115873003605987,-0.0011222951029865797,0.001076109031049655,0.0,0.00006801449967105966,-0.0020785785594460023,-0.0018688782275050567,0.0021612158452334472,affective,0.5,0.5,0.5,0.5
exposure,4,0.0010386284671077828,2.2420474195526882e-8,2.6781199193125233e-8,-0.0010811247115285192,-0.001059268259468676,0.000981565605696835,0.0,-0.0000776072405883621,-0.0015053580164611647,-0.0013744892547287377,0.0014955849726161533,affective,0.5,0.5,0.5,0.5
engagement,4,0.0018803710545618468,3.713579647599184e-8,4.395752517852694e-8,-0.0014196059609725778,-0.0013763750736957457,0.0013724948307960736,0.0,-0.00025261525004487834,-0.0015053580164611647,-0.0013744892547287377,0.0014955849726161533,affective,0.5,0.5,0.5,0.5
composition,4,-0.011098238204972244,-2.1919847929079503e-7,-2.592198394210362e-7,-0.0014315985789715186,-0.0014376512325953565,0.0012697074346689286,0.0,-0.00021701039798170674,-0.0015053580164611647,-0.0013744892547287377,0.0014955849726161533,affective,0.5,0.5,0.5,0.5
exposure,0,0.002394312825964473,4.5226913977417325e-8,5.2490744639024705e-8,-0.0043637689179362935,-0.004285475709275174,0.0039918485304780635,0.0,-0.0001537660685067832,-0.023246211192911422,-0.022264010701243318,0.02218089038801668,affective,0.9,0.9,0.5,0.5
engagement,0,0.00743039194611983,1.3277566824130355e-7,1.5417990052745896e-7,-0.001147263133180157,-0.0011427655596585248,0.0011479584210521733,0.0,-0.0005249727478772101,-0.023246211192911422,-0.022264010701243318,0.02218089038801668,affective,0.9,0.9,0.5,0.5
composition,0,-0.013441220332767845,-2.393720674734265e-7,-2.7735587331863823e-7,0.00018517343139235615,0.0000708839114997549,-0.00021026297012451817,0.0,-0.000010581187418728932,-0.023246211192911422,-0.022264010701243318,0.02218089038801668,affective,0.9,0.9,0.5,0.5
exposure,1,0.0012484443309572768,2.282556597417089e-8,2.6668752930965262e-8,-0.0022247723540172876,-0.0022350316851114972,0.0021090640634065135,0.0,0.00014308137392417264,-0.02537144880458801,-0.023912683248426565,0.023461571620858237,affective,0.9,0.9,0.5,0.5
engagement,1,0.00623807332043258,1.0935930227608744e-7,1.2755752740946712e-7,0.0006444062462440947,0.0006560781560546111,-0.0005154704597432683,0.0,-0.000020209386494829396,-0.02537144880458801,-0.023912683248426565,0.023461571620858237,affective,0.9,0.9,0.5,0.5
composition,1,-0.013752088921151984,-2.4141295393929575e-7,-2.8021453880946237e-7,0.00008111873300018987,-0.00005761558504173425,-0.00007632187036990881,0.0,2.7365580397356593e-6,-0.02537144880458801,-0.023912683248426565,0.023461571620858237,affective,0.9,0.9,0.5,0.5
exposure,2,0.0012876823664571546,2.5726377369131813e-8,3.0260671784766165e-8,-0.001513850496388646,-0.0013939411643568017,0.0014266130420416828,0.0,0.0014659863721090682,-0.020303093344963257,-0.01977239471838783,0.019239985615226277,affective,0.9,0.9,0.5,0.5
engagement,2,0.00726718138176663,1.3330364263274323e-7,1.5526838265461562e-7,-0.003893920914827563,-0.0037855388820359805,0.0036649658583370014,0.0,-0.00015326634461446803,-0.020303093344963257,-0.01977239471838783,0.019239985615226277,affective,0.9,0.9,0.5,0.5
composition,2,-0.013069125250907199,-2.3941388676828605e-7,-2.7864750439015817e-7,-0.0026586752495654717,-0.0025375622228692753,0.002569607587469075,0.0,7.811681693788153e-6,-0.020303093344963257,-0.01977239471838783,0.019239985615226277,affective,0.9,0.9,0.5,0.5
exposure,3,0.0010967533766699233,2.176832218545786e-8,2.5654449642579668e-8,0.00042645264790048404,0.00033956110798705197,-0.00034012009558679127,0.0,-0.0000741092129544485,-0.028226100164685748,-0.02748589274595117,0.026195896547903032,affective,0.9,0.9,0.5,0.5
engagement,3,0.0052632335542845965,9.683606038939868e-8,1.128480607693953e-7,0.00020484494161421285,0.00004932776515579815,-0.00023642726698755792,0.0,-0.00013183783965832474,-0.028226100164685748,-0.02748589274595117,0.026195896547903032,affective,0.9,0.9,0.5,0.5
composition,3,-0.013581921375814154,-2.5258352629275744e-7,-2.944781530682571e-7,0.000344694374102443,0.0002189105088703583,-0.0005249482607225589,0.0,-0.00022658606094713013,-0.028226100164685748,-0.02748589274595117,0.026195896547903032,affective,0.9,0.9,0.5,0.5
exposure,4,0.00041263437476501963,7.321404804205458e-9,8.438158212818135e-9,-0.003229354680089124,-0.0032374588896095756,0.003021034429649478,0.0,-0.00016012091947884347,-0.02808090029392794,-0.02731821154583466,0.0255220930355281,affective,0.9,0.9,0.5,0.5
engagement,4,0.005550372585708896,9.39117557055412e-8,1.0862848783068589e-7,0.0005094715937312595,0.0004370225935448682,-0.0005585073103458009,0.0,-0.00007975841053841151,-0.02808090029392794,-0.02731821154583466,0.0255220930355281,affective,0.9,0.9,0.5,0.5
composition,4,-0.015474675134222515,-2.6406844822140434e-7,-3.053408668946826e-7,-0.0008351641696560975,-0.0008142128014723173,0.0008640292408900047,0.0,-0.00003858355243130038,-0.02808090029392794,-0.02731821154583466,0.0255220930355281,affective,0.9,0.9,0.5,0.5
exposure,0,-0.00003826261109463047,-1.2095024844201193e-9,-2.011175353200025e-9,NaN,NaN,NaN,0.0,-6.339990746340174e-6,NaN,NaN,NaN,ideological,0.1,0.5,0.1,0.5
engagement,0,0.0,0.0,0.0,NaN,NaN,NaN,0.0,0.0,NaN,NaN,NaN,ideological,0.1,0.5,0.1,0.5
composition,0,-0.0059789911584726685,-1.9428709815014846e-7,-3.37205524700957e-7,NaN,NaN,NaN,0.0,0.0,NaN,NaN,NaN,ideological,0.1,0.5,0.1,0.5
exposure,1,-0.00021417299666959266,-6.758804489699339e-9,-1.1424997155104698e-8,NaN,NaN,NaN,0.0,-0.000011545542735511005,NaN,NaN,NaN,ideological,0.1,0.5,0.1,0.5
engagement,1,0.0,0.0,0.0,NaN,NaN,NaN,0.0,0.0,NaN,NaN,NaN,ideological,0.1,0.5,0.1,0.5
composition,1,-0.005913369763831722,-1.9171864102683574e-7,-3.260749800844622e-7,NaN,NaN,NaN,0.0,0.0,NaN,NaN,NaN,ideological,0.1,0.5,0.1,0.5
exposure,2,0.000036091165829921223,1.1352993340648386e-9,1.9084747411517755e-9,NaN,NaN,NaN,0.0,9.034713483430101e-6,NaN,NaN,NaN,ideological,0.1,0.5,0.1,0.5
engagement,2,0.0,0.0,0.0,NaN,NaN,NaN,0.0,0.0,NaN,NaN,NaN,ideological,0.1,0.5,0.1,0.5
composition,2,-0.005866296676259486,-1.9246380171455007e-7,-3.248945877414425e-7,NaN,NaN,NaN,0.0,0.0,NaN,NaN,NaN,ideological,0.1,0.5,0.1,0.5
exposure,3,0.000015083160373019489,4.891730029519195e-10,8.291095191853281e-10,NaN,NaN,NaN,0.0,-0.0003059425031056301,NaN,NaN,NaN,ideological,0.1,0.5,0.1,0.5
engagement,3,0.0,0.0,0.0,NaN,NaN,NaN,0.0,0.0,NaN,NaN,NaN,ideological,0.1,0.5,0.1,0.5
composition,3,-0.0057798644141199285,-1.9327418204714693e-7,-3.3278813991938785e-7,NaN,NaN,NaN,0.0,0.0,NaN,NaN,NaN,ideological,0.1,0.5,0.1,0.5
exposure,4,0.00003270341843941704,9.971466426629582e-10,1.608865963468148e-9,NaN,NaN,NaN,0.0,0.000016184172133185126,NaN,NaN,NaN,ideological,0.1,0.5,0.1,0.5
engagement,4,0.0,0.0,0.0,NaN,NaN,NaN,0.0,0.0,NaN,NaN,NaN,ideological,0.1,0.5,0.1,0.5
composition,4,-0.006100202332066096,-1.90989428054668e-7,-3.107433310613874e-7,NaN,NaN,NaN,0.0,0.0,NaN,NaN,NaN,ideological,0.1,0.5,0.1,0.5
exposure,0,0.0004846678662224768,1.071728691644687e-8,1.2768866512697969e-8,-0.0007101236725665667,-0.0006950245677305518,0.0005970340857186169,0.0,6.3390905283775e-6,-0.0024038779815703537,-0.0018899123575542682,0.0026181206025000063,ideological,0.5,0.5,0.5,0.5
engagement,0,0.0015489887890610676,3.147903324854325e-8,3.724605148266489e-8,-0.0007434862718402545,-0.0007343596868933575,0.0006463335217912623,0.0,0.00002507226811308133,-0.0024038779815703537,-0.0018899123575542682,0.0026181206025000063,ideological,0.5,0.5,0.5,0.5
composition,0,-0.011263498580655229,-2.2832958809355825e-7,-2.710047298170259e-7,-0.0009618888463694647,-0.0009359356339177971,0.0008567263011215538,0.0,0.00013447364844023507,-0.0024038779815703537,-0.0018899123575542682,0.0026181206025000063,ideological,0.5,0.5,0.5,0.5
exposure,1,-0.00038819322185335015,-8.56560507178619e-9,-1.0233924439875307e-8,-0.0008801830900045048,-0.0008983459315091667,0.0007171722913116361,0.0,-0.0012656744695719868,-0.002825639481451539,-0.002118968528436027,0.003153314289598864,ideological,0.5,0.5,0.5,0.5
engagement,1,0.0014575849031155386,2.9551230701393614e-8,3.506001113954728e-8,-0.001193239717561639,-0.0012317310301750047,0.0009583611609656831,0.0,0.0000533446181143829,-0.002825639481451539,-0.002118968528436027,0.003153314289598864,ideological,0.5,0.5,0.5,0.5
composition,1,-0.01210446246329433,-2.4209893322321555e-7,-2.8652327944170644e-7,-0.0008913960182698557,-0.0008739518466944558,0.0007166679546417427,0.0,0.00013353635802473146,-0.002825639481451539,-0.002118968528436027,0.003153314289598864,ideological,0.5,0.5,0.5,0.5
exposure,2,0.00032551425729254735,7.200368458957427e-9,8.604659193564562e-9,-0.0010747238747279963,-0.001096716948016949,0.0009180791929033782,0.0,0.00020013254403043051,-0.003800007062535863,-0.003430356753022025,0.0038077970744567866,ideological,0.5,0.5,0.5,0.5
engagement,2,0.001452241678513766,2.943872369329156e-8,3.483847135693333e-8,-0.0009481774356724908,-0.0009300358564815377,0.0008708598122068325,0.0,0.00008197200964176615,-0.003800007062535863,-0.003430356753022025,0.0038077970744567866,ideological,0.5,0.5,0.5,0.5
composition,2,-0.01167580252300604,-2.38135886661351e-7,-2.833176220670704e-7,-0.0005208587923179282,-0.000511544019648009,0.0005061083747051284,0.0,-4.814280789987302e-6,-0.003800007062535863,-0.003430356753022025,0.0038077970744567866,ideological,0.5,0.5,0.5,0.5
exposure,3,0.0004349235326671641,9.80043112954987e-9,1.1758821549927383e-8,-0.001283012348172735,-0.0012898997954792883,0.0011985521031078407,0.0,0.00006266105984368414,-0.0020785785594460023,-0.0018688782275050567,0.0021612158452334472,ideological,0.5,0.5,0.5,0.5
engagement,3,0.00227271346082214,4.655101103646184e-8,5.536047209271284e-8,-0.0009003553941462805,-0.0008548916770923052,0.0009268764306824416,0.0,0.000023381418699168488,-0.0020785785594460023,-0.0018688782275050567,0.0021612158452334472,ideological,0.5,0.5,0.5,0.5
composition,3,-0.011187063637431938,-2.2858732401781646e-7,-2.718539923071599e-7,-0.001115873003605987,-0.0011222951029865797,0.001076109031049655,0.0,0.00006801449967105966,-0.0020785785594460023,-0.0018688782275050567,0.0021612158452334472,ideological,0.5,0.5,0.5,0.5
exposure,4,0.0010386284671077828,2.2420474195526882e-8,2.6781199193125233e-8,-0.0010811247115285192,-0.001059268259468676,0.000981565605696835,0.0,-0.0000776072405883621,-0.0015053580164611647,-0.0013744892547287377,0.0014955849726161533,ideological,0.5,0.5,0.5,0.5
engagement,4,0.0018803710545618468,3.713579647599184e-8,4.395752517852694e-8,-0.0014196059609725778,-0.0013763750736957457,0.0013724948307960736,0.0,-0.00025261525004487834,-0.0015053580164611647,-0.0013744892547287377,0.0014955849726161533,ideological,0.5,0.5,0.5,0.5
composition,4,-0.011098238204972244,-2.1919847929079503e-7,-2.592198394210362e-7,-0.0014315985789715186,-0.0014376512325953565,0.0012697074346689286,0.0,-0.00021701039798170674,-0.0015053580164611647,-0.0013744892547287377,0.0014955849726161533,ideological,0.5,0.5,0.5,0.5
exposure,0,0.0005688035519610946,1.1543451079880153e-8,1.2944416548202051e-8,-0.001642649075274772,-0.001584635305353261,0.0015701431566341652,0.0,0.00004579956818197978,-0.010311385522068185,-0.009887881150326435,0.010272374826563993,ideological,0.9,0.5,0.9,0.5
engagement,0,0.0019750060109464673,3.659180366373564e-8,4.05637004445864e-8,-0.002138063225533164,-0.002103913166236017,0.0020613520212955684,0.0,0.00004569865151730218,-0.010311385522068185,-0.009887881150326435,0.010272374826563993,ideological,0.9,0.5,0.9,0.5
composition,0,-0.014866907108627814,-2.760799834471275e-7,-3.0557020345359615e-7,-0.0020368325426230738,-0.002017414105524919,0.0019463650975845292,0.0,0.00009302526577043696,-0.010311385522068185,-0.009887881150326435,0.010272374826563993,ideological,0.9,0.5,0.9,0.5
exposure,1,0.00016993578201063286,3.3940996646687077e-9,3.835848991256216e-9,-0.0009858265996606844,-0.0009392150065373802,0.001020835864702781,0.0,0.006137269352197917,-0.011065096600342607,-0.010449031402139073,0.011042956544050408,ideological,0.9,0.5,0.9,0.5
engagement,1,0.002397964551090759,4.37680614567197e-8,4.8935056039237576e-8,-0.0014845554344327903,-0.0014880503180483198,0.0014422795595623334,0.0,-0.00008277481564962497,-0.011065096600342607,-0.010449031402139073,0.011042956544050408,ideological,0.9,0.5,0.9,0.5
composition,1,-0.015800865700535627,-2.8969026291683094e-7,-3.246330758436017e-7,-0.0019351156977868728,-0.001996555050190918,0.001854603587710394,0.0,-0.0002470005129544331,-0.011065096600342607,-0.010449031402139073,0.011042956544050408,ideological,0.9,0.5,0.9,0.5
exposure,2,0.000403910751917369,8.202899104739419e-9,9.221706664780114e-9,-0.0018699631768742293,-0.0018786141442326335,0.0018057654930858577,0.0,-0.00001779563557082614,-0.011493398827476436,-0.011223435170582274,0.011368387029501019,ideological,0.9,0.5,0.9,0.5
engagement,2,0.002236954693194515,4.1222789886566205e-8,4.6036399604752217e-8,-0.0018167564533590232,-0.0017996055647768374,0.001748125362120604,0.0,-0.00006323736555732123,-0.011493398827476436,-0.011223435170582274,0.011368387029501019,ideological,0.9,0.5,0.9,0.5
composition,2,-0.015099404567852082,-2.7800719105650733e-7,-3.103935486546084e-7,-0.001688189203209376,-0.0016926083230895412,0.0015874096796092765,0.0,-0.000027011188381491358,-0.011493398827476436,-0.011223435170582274,0.011368387029501019,ideological,0.9,0.5,0.9,0.5
exposure,3,0.00018542871132931626,3.794947225437278e-9,4.276393794638414e-9,-0.0012199971355158438,-0.0011065720043563088,0.0012459332963367202,0.0,0.000014472950536442708,-0.009234724920332631,-0.009042629874384606,0.009132722994636218,ideological,0.9,0.5,0.9,0.5
engagement,3,0.0020311991817446584,3.823721657620637e-8,4.279542341918249e-8,-0.002570045074897491,-0.002476102010321222,0.002523196093807828,0.0,-0.00003699050178421204,-0.009234724920332631,-0.009042629874384606,0.009132722994636218,ideological,0.9,0.5,0.9,0.5
composition,3,-0.015043614702992425,-2.8347273743602526e-7,-3.165011193324867e-7,-0.0018954077522657393,-0.0017815513320306314,0.0018743633424845394,0.0,0.0000563953764213046,-0.009234724920332631,-0.009042629874384606,0.009132722994636218,ideological,0.9,0.5,0.9,0.5
exposure,4,0.0006425783772685545,1.2547908167712449e-8,1.4057412379264389e-8,-0.0005705903501197745,-0.0005561683306825101,0.0005685299558014102,0.0,0.0000572942875121385,-0.01039598856507979,-0.01020255883333089,0.010229507655737062,ideological,0.9,0.5,0.9,0.5
engagement,4,0.0022061734837408586,3.9350280633922384e-8,4.375852358809248e-8,-0.0009348124108964715,-0.000870230167332774,0.0009608208772421949,0.0,0.00014993584017113093,-0.01039598856507979,-0.01020255883333089,0.010229507655737062,ideological,0.9,0.5,0.9,0.5
composition,4,-0.01529482257743997,-2.7293662474463703e-7,-3.037881617065559e-7,-0.002292593703224436,-0.0022561255676999317,0.002238612506731656,0.0,0.0000636996153148342,-0.01039598856507979,-0.01020255883333089,0.010229507655737062,ideological,0.9,0.5,0.9,0.5
exposure,0,-0.00026911219858494206,-5.5197973209365806e-9,-6.362140915504907e-9,0.0007742025944924404,0.0007472377375238666,-0.0007080080688812163,0.0,-0.000011012874853784382,-0.00495194216429266,-0.0044347533725289465,0.004813122629802883,structural,0.1,0.5,0.5,0.1
engagement,0,0.0019530485010698095,3.469125903353244e-8,3.914238618466028e-8,-0.0002417498131648656,-0.00027321845094510806,0.00020631501234384762,0.0,0.0000674091302890617,-0.00495194216429266,-0.0044347533725289465,0.004813122629802883,structural,0.1,0.5,0.5,0.1
composition,0,-0.013378154752083704,-2.3818107734090058e-7,-2.6927568842002544e-7,-0.0003890607191852826,-0.0003246075467279747,0.0004332094328069608,0.0,0.00004259747501665634,-0.00495194216429266,-0.0044347533725289465,0.004813122629802883,structural,0.1,0.5,0.5,0.1
exposure,1,-0.00008566561613054802,-1.7341217840191906e-9,-2.008007503880456e-9,0.000028459111807285428,-0.000018278208443719794,-0.00004907553768322779,0.0,-0.001177341822594588,-0.00437547460660136,-0.003646415598301949,0.004475170110208749,structural,0.1,0.5,0.5,0.1
engagement,1,0.001929645260861701,3.4285909291975997e-8,3.896856215642193e-8,-0.0008933532980739609,-0.0009256076069968375,0.0008572705327901083,0.0,-0.00017708023899749153,-0.00437547460660136,-0.003646415598301949,0.004475170110208749,structural,0.1,0.5,0.5,0.1
composition,1,-0.013876151676885051,-2.4829832113957326e-7,-2.813607947784795e-7,-0.0013891126248840643,-0.0013500089749743024,0.0013373705980730096,0.0,-0.00010738143834448238,-0.00437547460660136,-0.003646415598301949,0.004475170110208749,structural,0.1,0.5,0.5,0.1
exposure,2,0.00016989254864974157,3.4749958815655873e-9,4.003217527503984e-9,-0.00029857572601121787,-0.00027984115191546574,0.00031188184821449774,0.0,0.00011091905207537278,-0.0051547011872630265,-0.00483567679835649,0.004967199969847346,structural,0.1,0.5,0.5,0.1
engagement,2,0.002369479733860924,4.2470644617607214e-8,4.803031913447234e-8,-0.0015712528160231817,-0.0015628732252122813,0.001515146044206223,0.0,0.00015749213371862858,-0.0051547011872630265,-0.00483567679835649,0.004967199969847346,structural,0.1,0.5,0.5,0.1
composition,2,-0.013327453612958617,-2.385824387848162e-7,-2.695028232014604e-7,-0.0009519387722636439,-0.000936963976056456,0.0009593184019009594,0.0,0.004353219090544841,-0.0051547011872630265,-0.00483567679835649,0.004967199969847346,structural,0.1,0.5,0.5,0.1
exposure,3,0.00030913351038974746,6.4712897297414164e-9,7.490513942082565e-9,-0.00039545861065970467,-0.000421939527944528,0.00025251094633856616,0.0,0.0012894109933680592,-0.0037644534586317845,-0.0035826100477576468,0.0036941303258342484,structural,0.1,0.5,0.5,0.1
engagement,3,0.0020023654207541597,3.6832562371314835e-8,4.1953683807286285e-8,-0.00029941865430515094,-0.0002729222415836013,0.0003018654159275343,0.0,0.0012441889332725359,-0.0037644534586317845,-0.0035826100477576468,0.0036941303258342484,structural,0.1,0.5,0.5,0.1
composition,3,-0.012929844444309557,-2.3745398597497902e-7,-2.716810481658589e-7,-0.0007303110459351602,-0.0007011192064958318,0.0007050383175040407,0.0,0.0012981626819838221,-0.0037644534586317845,-0.0035826100477576468,0.0036941303258342484,structural,0.1,0.5,0.5,0.1
exposure,4,0.00016383054080171267,3.30790358393831e-9,3.815425156657413e-9,-0.00027180094915025665,-0.0002846448443717818,0.0002006538626652208,0.0,0.00017150450536877748,-0.003580633518329252,-0.0033982833610075977,0.0034368603326874626,structural,0.1,0.5,0.5,0.1
engagement,4,0.0022165443897153025,3.8646053346967176e-8,4.38320787382646e-8,-0.0008661683384923557,-0.0008153625690020109,0.0008049559074379117,0.0,-0.0001458369513045732,-0.003580633518329252,-0.0033982833610075977,0.0034368603326874626,structural,0.1,0.5,0.5,0.1
composition,4,-0.0134003693572472,-2.3217772120810866e-7,-2.6335651115789556e-7,-0.000708169063190859,-0.0006820951638017666,0.0006757097492328034,0.0,-0.00013847900778568567,-0.003580633518329252,-0.0033982833610075977,0.0034368603326874626,structural,0.1,0.5,0.5,0.1
exposure,0,0.0004846678662224768,1.071728691644687e-8,1.2768866512697969e-8,-0.0007101236725665667,-0.0006950245677305518,0.0005970340857186169,0.0,6.3390905283775e-6,-0.0024038779815703537,-0.0018899123575542682,0.0026181206025000063,structural,0.5,0.5,0.5,0.5
engagement,0,0.0015489887890610676,3.147903324854325e-8,3.724605148266489e-8,-0.0007434862718402545,-0.0007343596868933575,0.0006463335217912623,0.0,0.00002507226811308133,-0.0024038779815703537,-0.0018899123575542682,0.0026181206025000063,structural,0.5,0.5,0.5,0.5
composition,0,-0.011263498580655229,-2.2832958809355825e-7,-2.710047298170259e-7,-0.0009618888463694647,-0.0009359356339177971,0.0008567263011215538,0.0,0.00013447364844023507,-0.0024038779815703537,-0.0018899123575542682,0.0026181206025000063,structural,0.5,0.5,0.5,0.5
exposure,1,-0.00038819322185335015,-8.56560507178619e-9,-1.0233924439875307e-8,-0.0008801830900045048,-0.0008983459315091667,0.0007171722913116361,0.0,-0.0012656744695719868,-0.002825639481451539,-0.002118968528436027,0.003153314289598864,structural,0.5,0.5,0.5,0.5
engagement,1,0.0014575849031155386,2.9551230701393614e-8,3.506001113954728e-8,-0.001193239717561639,-0.0012317310301750047,0.0009583611609656831,0.0,0.0000533446181143829,-0.002825639481451539,-0.002118968528436027,0.003153314289598864,structural,0.5,0.5,0.5,0.5
composition,1,-0.01210446246329433,-2.4209893322321555e-7,-2.8652327944170644e-7,-0.0008913960182698557,-0.0008739518466944558,0.0007166679546417427,0.0,0.00013353635802473146,-0.002825639481451539,-0.002118968528436027,0.003153314289598864,structural,0.5,0.5,0.5,0.5
exposure,2,0.00032551425729254735,7.200368458957427e-9,8.604659193564562e-9,-0.0010747238747279963,-0.001096716948016949,0.0009180791929033782,0.0,0.00020013254403043051,-0.003800007062535863,-0.003430356753022025,0.0038077970744567866,structural,0.5,0.5,0.5,0.5
engagement,2,0.001452241678513766,2.943872369329156e-8,3.483847135693333e-8,-0.0009481774356724908,-0.0009300358564815377,0.0008708598122068325,0.0,0.00008197200964176615,-0.003800007062535863,-0.003430356753022025,0.0038077970744567866,structural,0.5,0.5,0.5,0.5
composition,2,-0.01167580252300604,-2.38135886661351e-7,-2.833176220670704e-7,-0.0005208587923179282,-0.000511544019648009,0.0005061083747051284,0.0,-4.814280789987302e-6,-0.003800007062535863,-0.003430356753022025,0.0038077970744567866,structural,0.5,0.5,0.5,0.5
exposure,3,0.0004349235326671641,9.80043112954987e-9,1.1758821549927383e-8,-0.001283012348172735,-0.0012898997954792883,0.0011985521031078407,0.0,0.00006266105984368414,-0.0020785785594460023,-0.0018688782275050567,0.0021612158452334472,structural,0.5,0.5,0.5,0.5
engagement,3,0.00227271346082214,4.655101103646184e-8,5.536047209271284e-8,-0.0009003553941462805,-0.0008548916770923052,0.0009268764306824416,0.0,0.000023381418699168488,-0.0020785785594460023,-0.0018688782275050567,0.0021612158452334472,structural,0.5,0.5,0.5,0.5
composition,3,-0.011187063637431938,-2.2858732401781646e-7,-2.718539923071599e-7,-0.001115873003605987,-0.0011222951029865797,0.001076109031049655,0.0,0.00006801449967105966,-0.0020785785594460023,-0.0018688782275050567,0.0021612158452334472,structural,0.5,0.5,0.5,0.5
exposure,4,0.0010386284671077828,2.2420474195526882e-8,2.6781199193125233e-8,-0.0010811247115285192,-0.001059268259468676,0.000981565605696835,0.0,-0.0000776072405883621,-0.0015053580164611647,-0.0013744892547287377,0.0014955849726161533,structural,0.5,0.5,0.5,0.5
engagement,4,0.0018803710545618468,3.713579647599184e-8,4.395752517852694e-8,-0.0014196059609725778,-0.0013763750736957457,0.0013724948307960736,0.0,-0.00025261525004487834,-0.0015053580164611647,-0.0013744892547287377,0.0014955849726161533,structural,0.5,0.5,0.5,0.5
composition,4,-0.011098238204972244,-2.1919847929079503e-7,-2.592198394210362e-7,-0.0014315985789715186,-0.0014376512325953565,0.0012697074346689286,0.0,-0.00021701039798170674,-0.0015053580164611647,-0.0013744892547287377,0.0014955849726161533,structural,0.5,0.5,0.5,0.5
exposure,0,0.0005513716754887987,1.3943950116048726e-8,1.814200037802049e-8,-0.0009255032724760689,-0.000870652567454448,0.0008403729973610384,0.0,-0.00008967315453513314,-0.000044188671233011954,0.0004263366727607692,0.0004747786346904982,structural,0.9,0.5,0.5,0.9
engagement,0,0.00037815556173226295,9.971404960770566e-9,1.3413576962693777e-8,-0.0001655974803031577,-0.0001129046655340654,0.0001570422210005819,0.0,-0.00007809035299057021,-0.000044188671233011954,0.0004263366727607692,0.0004747786346904982,structural,0.9,0.5,0.5,0.9
composition,0,-0.008190051573992108,-2.1596528687055632e-7,-2.9049947057752305e-7,-0.00016285475239062342,-0.0001101921668519698,0.00015435968038077794,0.0,-0.00007783438750241095,-0.000044188671233011954,0.0004263366727607692,0.0004747786346904982,structural,0.9,0.5,0.5,0.9
exposure,1,0.00109202199362457,2.757979526769971e-8,3.5884003470838924e-8,-0.0009433625308703748,-0.0008888927985894498,0.0009308326173087791,0.0,-7.429885177587248e-6,-0.0006552042921973738,-7.093741351530958e-6,0.0011093477612195328,structural,0.9,0.5,0.5,0.9
engagement,1,0.000659338353316774,1.720117798431489e-8,2.328747760098803e-8,0.0003324864496919111,0.000388304784366677,-0.00027730765154666424,0.0,0.00039957079682519797,-0.0006552042921973738,-7.093741351530958e-6,0.0011093477612195328,structural,0.9,0.5,0.5,0.9
composition,1,-0.00817891440867402,-2.1504218353772995e-7,-2.920102255944168e-7,-0.000012122489395764084,0.000013079248717741965,0.000045165469700955,0.0,0.0010470609906608197,-0.0006552042921973738,-7.093741351530958e-6,0.0011093477612195328,structural,0.9,0.5,0.5,0.9
exposure,2,0.0004674692565949101,1.1885818881131709e-8,1.5523319937401544e-8,-0.0014469369275501112,-0.0014926220781306685,0.001295956600470593,0.0,0.00033375521063196134,-0.0010547497701524481,-0.0005894929472661245,0.001352541428886583,structural,0.9,0.5,0.5,0.9
engagement,2,0.00042573611433183167,1.1231957427496614e-8,1.52206254453481e-8,-0.00039722144674096964,-0.0004186059272831015,0.00029841560872208165,0.0,-0.000018112130016484373,-0.0010547497701524481,-0.0005894929472661245,0.001352541428886583,structural,0.9,0.5,0.5,0.9
composition,2,-0.008320246590847291,-2.206727824858713e-7,-2.9885943214250326e-7,-0.000394314268332257,-0.00041984908759480676,0.00030794200473225003,0.0,-0.00002209086951866779,-0.0010547497701524481,-0.0005894929472661245,0.001352541428886583,structural,0.9,0.5,0.5,0.9
exposure,3,0.000996530935573059,2.5750818769814696e-8,3.3552100453623076e-8,-0.0011702149161634176,-0.0012179642124844833,0.0010547871220386135,0.0,-7.604955997317364e-6,0.00017756927059028892,0.0004988837214893445,0.00022337723597590624,structural,0.9,0.5,0.5,0.9
engagement,3,0.0007580597216069185,2.0356607900505342e-8,2.7649258547868786e-8,-0.0006933925282289064,-0.0006978666474338408,0.0006240270246248393,0.0,0.000010574899072558763,0.00017756927059028892,0.0004988837214893445,0.00022337723597590624,structural,0.9,0.5,0.5,0.9
composition,3,-0.007874511929351069,-2.1049779275979228e-7,-2.855463585361377e-7,-0.0007900855646465748,-0.0007669813390278795,0.0007558197302188574,0.0,-0.000015802386075347563,0.00017756927059028892,0.0004988837214893445,0.00022337723597590624,structural,0.9,0.5,0.5,0.9
exposure,4,0.0008414794931977942,2.0489906817906747e-8,2.6431696607544738e-8,-0.0008393730675585092,-0.000832974107164853,0.0007412128350236876,0.0,-7.846536363348422e-6,0.0005532260329070966,0.0006856402194581511,-0.0003736337277599917,structural,0.9,0.5,0.5,0.9
engagement,4,0.0004013807640071976,1.0358480580329753e-8,1.3878043150791701e-8,-0.00007252012896466069,-0.00006055958473144107,0.00011809419452267207,0.0,-0.0002638634310032015,0.0005532260329070966,0.0006856402194581511,-0.0003736337277599917,structural,0.9,0.5,0.5,0.9
composition,4,-0.008368938248166424,-2.1479193717543372e-7,-2.869022368243546e-7,-0.00016541414385917366,-0.000222359003313384,0.00010942243404578838,0.0,-0.00002921976299995882,0.0005532260329070966,0.0006856402194581511,-0.0003736337277599917,structural,0.9,0.5,0.5,0.9
