arm,seed,targeting_mode,delta_aff_plateau,delta_aff_per_contact,delta_aff_per_cross_contact,delta_aff_level_none,toward_other_camp,toward_mean,toward_own_pole,delta_k,delta_bic_margin,ideo_level_toward_other_camp,ideo_level_toward_mean,ideo_level_toward_own_pole,diversity_ratio_arm,diversity_ratio_none,diversity_floor_break_even,swept_dial,level,affective,ideological,structural
exposure,0,camp_pair,0.00006061026365869471,1.3471342385022827e-9,3.1349055373277495e-9,0.0005211916992848287,-0.00015121658112686692,-0.000172674837915122,0.00014784668115686928,0.0,0.00012374951397855355,-0.0011184619094500574,-0.0006637734199782024,0.0014000461005115664,1.0009539196046022,1.0008535007165358,NaN,affective,0.1,0.1,0.5,0.5
engagement,0,camp_pair,0.00015625517586101423,3.2063524892991244e-9,7.20468350521091e-9,0.0005211916992848287,-0.000677406085843605,-0.0006498880172307984,0.0006656932937033986,0.0,0.00006124381518773925,-0.0011184619094500574,-0.0006637734199782024,0.0014000461005115664,1.0013398159868963,1.0008535007165358,NaN,affective,0.1,0.1,0.5,0.5
composition,0,camp_pair,-0.003093560386730726,-6.347978549916332e-8,-1.4263926534169705e-7,0.0005211916992848287,-0.0006741470198084233,-0.0006465741481808937,0.0006630054011606207,0.0,0.0000612738510289007,-0.0011184619094500574,-0.0006637734199782024,0.0014000461005115664,1.001337317400756,1.0008535007165358,1.001337317400756,affective,0.1,0.1,0.5,0.5
exposure,1,camp_pair,-0.000017061867816414722,-3.788916039265111e-10,-8.565194686955182e-10,0.0005093399980912738,-0.00030177681171020135,-0.0003205799975088508,0.0002559737712421542,0.0,0.0006428844935591205,-0.0012753893688100188,-0.0007344258085257389,0.0016119864676553092,1.0011107778795032,1.0008113112798505,1.0011107778795032,affective,0.1,0.1,0.5,0.5
engagement,1,camp_pair,0.00011500833899857899,2.3234946664224614e-9,5.125377200346673e-9,0.0005093399980912738,-0.0004706627246083303,-0.0004159983790649731,0.0005063775753049115,0.0,0.0005712215100482781,-0.0012753893688100188,-0.0007344258085257389,0.0016119864676553092,1.0012729838641483,1.0008113112798505,NaN,affective,0.1,0.1,0.5,0.5
composition,1,camp_pair,-0.0030914085250497714,-6.236827980409892e-8,-1.3789234689548023e-7,0.0005093399980912738,-0.00011640717961581681,-0.0001336702496645797,0.0001400012568798601,0.0,0.00030496920140920397,-0.0012753893688100188,-0.0007344258085257389,0.0016119864676553092,1.0009378791299894,1.0008113112798505,1.0009378791299894,affective,0.1,0.1,0.5,0.5
exposure,2,camp_pair,0.00003687791767764681,8.222134504068227e-10,1.8363667800839961e-9,0.0007731766189043587,-0.000297640869258947,-0.0002780435998751482,0.00028935483118212695,0.0,0.001448985249514513,-0.0023554840577128893,-0.0020603957248785678,0.0024166378828562305,1.0018165952186302,1.0017485710593057,NaN,affective,0.1,0.1,0.5,0.5
engagement,2,camp_pair,0.00020653177799767608,4.218808660967747e-9,9.224286645720235e-9,0.0007731766189043587,-0.0005976136940831996,-0.0005754863188969792,0.0005362241328827145,0.0,0.00001539094400897223,-0.0023554840577128893,-0.0020603957248785678,0.0024166378828562305,1.0022252409532837,1.0017485710593057,NaN,affective,0.1,0.1,0.5,0.5
composition,2,camp_pair,-0.0031271356311152188,-6.387775775947746e-8,-1.396666204160437e-7,0.0007731766189043587,-0.0005971596971529364,-0.0005750698991488631,0.0005358281841384934,0.0,0.00001542520234464051,-0.0023554840577128893,-0.0020603957248785678,0.0024166378828562305,1.0022252003236463,1.0017485710593057,1.0022252003236463,affective,0.1,0.1,0.5,0.5
exposure,3,camp_pair,2.468081022888313e-7,5.592497559340871e-12,1.356610247286491e-11,0.0005992977881475459,0.000017142766561958596,-0.00003977318908570727,-0.00008465182824408534,0.0,-0.000015663839853546913,-0.0013969813402993263,-0.0011461427200035153,0.0016185474097631452,1.0015136539957392,1.001582594284066,NaN,affective,0.1,0.1,0.5,0.5
engagement,3,camp_pair,0.00017125247855886983,3.5428126641331837e-9,8.271068754352563e-9,0.0005992977881475459,-0.0004137306118098909,-0.0004066902581818831,0.00030207388714946146,0.0,-0.00003258260947860275,-0.0013969813402993263,-0.0011461427200035153,0.0016185474097631452,1.0018409822239973,1.001582594284066,NaN,affective,0.1,0.1,0.5,0.5
composition,3,camp_pair,-0.003135091423401931,-6.487380340607398e-8,-1.515049255014706e-7,0.0005992977881475459,-0.0005180970435600526,-0.0005419915527564538,0.0003863154428034468,0.0,-0.00003788725398225917,-0.0013969813402993263,-0.0011461427200035153,0.0016185474097631452,1.0019862872823937,1.001582594284066,1.0019862872823937,affective,0.1,0.1,0.5,0.5
exposure,4,camp_pair,0.00005254752303662791,1.139612297476207e-9,2.686204019866471e-9,0.0006456646094197271,-0.00026190749256686753,-0.00021792249978867513,0.0003137713358823508,0.0,0.0002565360882848533,-0.0010193929443956344,-0.0009159614416735807,0.001023679473866249,1.0009580087155832,1.000922018728799,NaN,affective,0.1,0.1,0.5,0.5
engagement,4,camp_pair,0.0002518595994052686,4.9816958958258715e-9,1.1267877568238573e-8,0.0006456646094197271,-0.000599320905725353,-0.0004701347892240095,0.0006082480198973889,0.0,-0.00018864244530721053,-0.0010193929443956344,-0.0009159614416735807,0.001023679473866249,1.00124382248346,1.000922018728799,NaN,affective,0.1,0.1,0.5,0.5
composition,4,camp_pair,-0.0031672762989955194,-6.258573515512714e-8,-1.4147205194727174e-7,0.0006456646094197271,-0.0005887315324376793,-0.0005421718562387575,0.0005514808861054399,0.0,-0.0002022064577111432,-0.0010193929443956344,-0.0009159614416735807,0.001023679473866249,1.0013887773885792,1.000922018728799,1.0013887773885792,affective,0.1,0.1,0.5,0.5
exposure,0,camp_pair,0.00042983205579272266,9.371270320551216e-9,2.1703209078148077e-8,0.003953468065636567,-0.0013942775917088275,-0.0013807892152473582,0.0012283812825437373,0.0,-0.00006167303064177204,-0.002122069306144559,-0.0016140319186071681,0.0023509119897164297,1.002860668536658,1.001742876518285,NaN,affective,0.5,0.5,0.5,0.5
engagement,0,camp_pair,0.0010500773103659933,2.123513266665305e-8,4.8453179695736125e-8,0.003953468065636567,-0.0011438954931454553,-0.001084261828534136,0.0010550705974966654,0.0,0.00013839090184471908,-0.002122069306144559,-0.0016140319186071681,0.0023509119897164297,1.0026372517443511,1.001742876518285,NaN,affective,0.5,0.5,0.5,0.5
composition,0,camp_pair,-0.008960544097077472,-1.8076911168426784e-7,-4.120548191427146e-7,0.003953468065636567,-0.0011077372006702995,-0.0010452881207170808,0.0010198384065499308,0.0,0.00008439489591066662,-0.002122069306144559,-0.0016140319186071681,0.0023509119897164297,1.002563836319438,1.001742876518285,1.002563836319438,affective,0.5,0.5,0.5,0.5
exposure,1,camp_pair,-0.00001852975934901746,-4.0682721911470483e-10,-9.166341503347742e-10,0.003635011944805977,-0.00023737734171085535,-0.0002949876335269111,0.0001780496633668198,0.0,-0.001134418943119067,-0.0033626682694012358,-0.002684499484432006,0.003546323419282319,1.002911502221124,1.0027058627174807,1.002911502221124,affective,0.5,0.5,0.5,0.5
engagement,1,camp_pair,0.0010257413354685108,2.0539474078264132e-8,4.464014864080907e-8,0.003635011944805977,-0.00045928798954621717,-0.0004480396728448392,0.00047319655995580736,0.0,-0.00003380852245310484,-0.0033626682694012358,-0.002684499484432006,0.003546323419282319,1.0029600110734853,1.0027058627174807,NaN,affective,0.5,0.5,0.5,0.5
composition,1,camp_pair,-0.00903339900937461,-1.8213966871067444e-7,-3.9981406609607017e-7,0.003635011944805977,-0.00033970053059818785,-0.0003361233758979337,0.00034047526078541434,0.0,-0.0013267084652962488,-0.0033626682694012358,-0.002684499484432006,0.003546323419282319,1.0029567120040013,1.0027058627174807,1.0029567120040013,affective,0.5,0.5,0.5,0.5
exposure,2,camp_pair,0.00018690863906489774,4.092411960608201e-9,9.093098470683423e-9,0.005064493296067507,-0.0006363564112719816,-0.0006183886596759611,0.0006697542661493819,0.0,-0.00016348854844008137,-0.0035865492341938363,-0.0032177633697847716,0.003560416604991295,1.0032361582505338,1.0026785312850692,NaN,affective,0.5,0.5,0.5,0.5
engagement,2,camp_pair,0.0012995339961320296,2.6522725802233395e-8,5.7621336236067465e-8,0.005064493296067507,-0.0012294903041793512,-0.0011595458700340905,0.0011803941149041604,0.0,-0.0000636048199032721,-0.0035865492341938363,-0.0032177633697847716,0.003560416604991295,1.0037549287088543,1.0026785312850692,NaN,affective,0.5,0.5,0.5,0.5
composition,2,camp_pair,-0.009107220293777862,-1.843790803291465e-7,-3.9710562020484267e-7,0.005064493296067507,-0.0005833257626176058,-0.0005268386730597182,0.0005996638992123316,0.0,0.00007898656280321686,-0.0035865492341938363,-0.0032177633697847716,0.003560416604991295,1.0031413337921014,1.0026785312850692,1.0031413337921014,affective,0.5,0.5,0.5,0.5
exposure,3,camp_pair,0.00036059780623753923,8.070134195052688e-9,1.91410269248654e-8,0.004424966992757073,0.0003819605968027307,0.00038221210027884886,-0.0002808400308437608,0.0,-6.842767132135552e-6,-0.0028037587354278175,-0.002554972656426081,0.002866192026303722,1.0024234786271877,1.0027178929552727,NaN,affective,0.5,0.5,0.5,0.5
engagement,3,camp_pair,0.0013961504165570515,2.8752814559323096e-8,6.711616270344445e-8,0.004424966992757073,-0.00014587747854911525,-0.00009338880937161597,0.00020313710897377308,0.0,-0.000029867066619310156,-0.0028037587354278175,-0.002554972656426081,0.002866192026303722,1.0028028657288257,1.0027178929552727,NaN,affective,0.5,0.5,0.5,0.5
composition,3,camp_pair,-0.00860956594568818,-1.7582743016967243e-7,-4.119803782987932e-7,0.004424966992757073,0.000048326129992198874,0.00006055666634287218,-0.000020436197690563117,0.0,7.783318616831625e-6,-0.0028037587354278175,-0.002554972656426081,0.002866192026303722,1.0026133481486474,1.0027178929552727,1.0026133481486474,affective,0.5,0.5,0.5,0.5
exposure,4,camp_pair,0.0005628200543197348,1.2163559342130812e-8,2.8510209934640333e-8,0.0043715906075220134,-0.0008362244490863675,-0.000862488931499789,0.0006835685091493174,0.0,0.00019687394606017483,-0.0018452511652381344,-0.0016804847012840346,0.0018224856047702879,1.002134519759756,1.0013774242738287,NaN,affective,0.5,0.5,0.5,0.5
engagement,4,camp_pair,0.0016131567947836878,3.20458649314386e-8,7.349233689219535e-8,0.0043715906075220134,-0.0009273150491205351,-0.000869636443557734,0.0008963732096071268,0.0,-0.00028246361905683026,-0.0018452511652381344,-0.0016804847012840346,0.0018224856047702879,1.0022221674650167,1.0013774242738287,NaN,affective,0.5,0.5,0.5,0.5
composition,4,camp_pair,-0.008636932758131821,-1.7098435567342707e-7,-3.9148457792275503e-7,0.0043715906075220134,-0.001152599366621261,-0.001065604075999481,0.0011112801092606317,0.0,0.00027143393956867434,-0.0018452511652381344,-0.0016804847012840346,0.0018224856047702879,1.0023414287394519,1.0013774242738287,1.0023414287394519,affective,0.5,0.5,0.5,0.5
exposure,0,camp_pair,0.0014163689144388592,2.678813221188242e-8,5.589017892979477e-8,0.01752907361788436,-0.002416306657141501,-0.002469032961496403,0.0021385968016715724,0.0,-2.5269138958020076e-6,-0.023823294033262988,-0.022865437634633425,0.02267225139794183,1.0224807043095228,1.020155292320112,NaN,affective,0.9,0.9,0.5,0.5
engagement,0,camp_pair,0.005234544231783378,9.387464772481443e-8,1.9566195311865503e-7,0.01752907361788436,0.00006239775654548474,2.5002919450470285e-7,8.5202312139869e-6,0.0,0.00010852294165837606,-0.023823294033262988,-0.022865437634633425,0.02267225139794183,1.0204441007029537,1.020155292320112,NaN,affective,0.9,0.9,0.5,0.5
composition,0,camp_pair,-0.011115232451409884,-1.9945149655313901e-7,-4.145463935930289e-7,0.01752907361788436,0.0003511585393486012,0.00034267977114037576,-0.00030077404238496724,0.0,3.248792636599551e-6,-0.023823294033262988,-0.022865437634633425,0.02267225139794183,1.0201953355762774,1.020155292320112,1.0201953355762774,affective,0.9,0.9,0.5,0.5
exposure,1,camp_pair,0.0001936446748538323,3.546151131793219e-9,7.290289694067928e-9,0.017406634667463727,-0.002570660152227497,-0.0025901186972818145,0.0022936842913626534,0.0,-9.020127826359081e-6,-0.024781063723083946,-0.023269760649584876,0.023026794995992625,1.0230858588966072,1.0204781075374452,NaN,affective,0.9,0.9,0.5,0.5
engagement,1,camp_pair,0.005031411192751634,8.841928849907975e-8,1.8071948539031046e-7,0.017406634667463727,-0.0003558458027729458,-0.0004327246977542422,0.0001168834836563562,0.0,0.0011646073965557169,-0.024781063723083946,-0.023269760649584876,0.023026794995992625,1.020984928363287,1.0204781075374452,NaN,affective,0.9,0.9,0.5,0.5
composition,1,camp_pair,-0.01094777847789441,-1.9185760186979794e-7,-3.9482755618488206e-7,0.017406634667463727,0.00010624601787796381,-4.9885852358572125e-6,-0.00028086935972867696,0.0,0.00011294005884186081,-0.024781063723083946,-0.023269760649584876,0.023026794995992625,1.0207068474943097,1.0204781075374452,1.0207068474943097,affective,0.9,0.9,0.5,0.5
exposure,2,camp_pair,-1.691105129264514e-6,-3.4492639497114184e-11,-7.167218178701056e-11,0.020857717870534476,-0.00008839922182147728,-0.00002166820859109478,0.00014413709455981388,0.0,0.00002336974112705087,-0.020938448221424356,-0.020397848393741782,0.019780178606476784,1.0202804796549199,1.0203466032210313,1.0202804796549199,affective,0.9,0.9,0.5,0.5
engagement,2,camp_pair,0.004821718920729801,8.881903440473411e-8,1.7827844859608817e-7,0.020857717870534476,-0.003411972058752478,-0.003238669991112133,0.00327436619653583,0.0,-0.0005067152772599628,-0.020938448221424356,-0.020397848393741782,0.019780178606476784,1.0231775198330944,1.0203466032210313,NaN,affective,0.9,0.9,0.5,0.5
composition,2,camp_pair,-0.011841558357149395,-2.2203060688784422e-7,-4.484759262668306e-7,0.020857717870534476,-0.0016506293641832294,-0.0015225399766386621,0.001648509415435498,0.0,-0.00037316839996687917,-0.020938448221424356,-0.020397848393741782,0.019780178606476784,1.0217570298840695,1.0203466032210313,1.0217570298840695,affective,0.9,0.9,0.5,0.5
exposure,3,camp_pair,0.0009607841250889315,1.8995336597250525e-8,4.030134752889813e-8,0.017351227410538073,-0.00288331967425794,-0.0027353710188974326,0.00286086363270625,0.0,-0.00008461080292597456,-0.025666196672530874,-0.025048890155977596,0.023696352480993423,1.027543094592843,1.0251501143150505,NaN,affective,0.9,0.9,0.5,0.5
engagement,3,camp_pair,0.0035099879466899964,6.772508435159273e-8,1.4662828752151376e-7,0.017351227410538073,0.0008105546416594077,0.0008497305898144611,-0.0006111857732386365,0.0,-0.00021359148877516526,-0.025666196672530874,-0.025048890155977596,0.023696352480993423,1.0243752298705786,1.0251501143150505,NaN,affective,0.9,0.9,0.5,0.5
composition,3,camp_pair,-0.010521423784349615,-1.983228489849509e-7,-4.235166358471044e-7,0.017351227410538073,-0.0006748828096955033,-0.0006927893786227504,0.0006365147853016513,0.0,0.00001874679577324595,-0.025666196672530874,-0.025048890155977596,0.023696352480993423,1.0258623838107208,1.0251501143150505,1.0258623838107208,affective,0.9,0.9,0.5,0.5
exposure,4,camp_pair,0.0016403614833895297,2.8794436936341977e-8,5.987813408978024e-8,0.01939019419977095,-0.003882725869620327,-0.0038492357797302243,0.0037643638974164673,0.0,-0.00009687413838218792,-0.027316169973855834,-0.02657194998324734,0.024703733892518166,1.0271941302322896,1.0236971095110339,NaN,affective,0.9,0.9,0.5,0.5
engagement,4,camp_pair,0.005068301603529779,8.633656315633993e-8,1.7965692827371519e-7,0.01939019419977095,-0.0003440869291076072,-0.0003334425665981987,0.00046403581307388406,0.0,-9.69240538117866e-6,-0.027316169973855834,-0.02657194998324734,0.024703733892518166,1.0239529317534815,1.0236971095110339,NaN,affective,0.9,0.9,0.5,0.5
composition,4,camp_pair,-0.011483314072922024,-1.9310072766735091e-7,-4.030788751069544e-7,0.01939019419977095,-0.0001727833411232331,-0.0002306747161172941,0.00016493144849145588,0.0,7.324785580367643e-7,-0.027316169973855834,-0.02657194998324734,0.024703733892518166,1.0238104057761643,1.0236971095110339,1.0238104057761643,affective,0.9,0.9,0.5,0.5
exposure,0,camp_pair,-0.000028006489559251335,-8.85300760526358e-10,NaN,0.002677916290645288,NaN,NaN,NaN,0.0,-6.339990746340174e-6,NaN,NaN,NaN,0.9975063073492273,0.9973170166663686,0.9975063073492273,ideological,0.1,0.5,0.1,0.5
engagement,0,camp_pair,0.0,0.0,NaN,0.002677916290645288,NaN,NaN,NaN,0.0,0.0,NaN,NaN,NaN,0.9973170166663686,0.9973170166663686,NaN,ideological,0.1,0.5,0.1,0.5
composition,0,camp_pair,-0.005235374867623932,-1.7012331408409475e-7,NaN,0.002677916290645288,NaN,NaN,NaN,0.0,0.0,NaN,NaN,NaN,0.9973170166663686,0.9973170166663686,0.9973170166663686,ideological,0.1,0.5,0.1,0.5
exposure,1,camp_pair,-0.00019566806512816282,-6.174831643781962e-9,NaN,0.0023429841167502685,NaN,NaN,NaN,0.0,-0.000011545542735511005,NaN,NaN,NaN,0.9975206478868207,0.9976138986073034,0.9975206478868207,ideological,0.1,0.5,0.1,0.5
engagement,1,camp_pair,0.0,0.0,NaN,0.0023429841167502685,NaN,NaN,NaN,0.0,0.0,NaN,NaN,NaN,0.9976138986073034,0.9976138986073034,NaN,ideological,0.1,0.5,0.1,0.5
composition,1,camp_pair,-0.00522881166138911,-1.6952443461902186e-7,NaN,0.0023429841167502685,NaN,NaN,NaN,0.0,0.0,NaN,NaN,NaN,0.9976138986073034,0.9976138986073034,0.9976138986073034,ideological,0.1,0.5,0.1,0.5
exposure,2,camp_pair,0.00003239357224926742,1.0189862299234798e-9,NaN,0.0033674661451902344,NaN,NaN,NaN,0.0,9.034713483430101e-6,NaN,NaN,NaN,0.9983907096409239,0.9982103636794311,NaN,ideological,0.1,0.5,0.1,0.5
engagement,2,camp_pair,0.0,0.0,NaN,0.0033674661451902344,NaN,NaN,NaN,0.0,0.0,NaN,NaN,NaN,0.9982103636794311,0.9982103636794311,NaN,ideological,0.1,0.5,0.1,0.5
composition,2,camp_pair,-0.005246304715088135,-1.7212285810656611e-7,NaN,0.0033674661451902344,NaN,NaN,NaN,0.0,0.0,NaN,NaN,NaN,0.9982103636794311,0.9982103636794311,0.9982103636794311,ideological,0.1,0.5,0.1,0.5
exposure,3,camp_pair,0.00001209980657668197,3.9241767453726313e-10,NaN,0.002801349672028719,NaN,NaN,NaN,0.0,-0.0003059425031056301,NaN,NaN,NaN,0.9986259859666057,0.9988064745255448,NaN,ideological,0.1,0.5,0.1,0.5
engagement,3,camp_pair,0.0,0.0,NaN,0.002801349672028719,NaN,NaN,NaN,0.0,0.0,NaN,NaN,NaN,0.9988064745255448,0.9988064745255448,NaN,ideological,0.1,0.5,0.1,0.5
composition,3,camp_pair,-0.005087635173643856,-1.701265732701507e-7,NaN,0.002801349672028719,NaN,NaN,NaN,0.0,0.0,NaN,NaN,NaN,0.9988064745255448,0.9988064745255448,0.9988064745255448,ideological,0.1,0.5,0.1,0.5
exposure,4,camp_pair,0.00002787816803639931,8.500218933560786e-10,NaN,0.003295477063011143,NaN,NaN,NaN,0.0,0.000016184172133185126,NaN,NaN,NaN,0.9975132898252828,0.9972918611256686,NaN,ideological,0.1,0.5,0.1,0.5
engagement,4,camp_pair,0.0,0.0,NaN,0.003295477063011143,NaN,NaN,NaN,0.0,0.0,NaN,NaN,NaN,0.9972918611256686,0.9972918611256686,NaN,ideological,0.1,0.5,0.1,0.5
composition,4,camp_pair,-0.005344511444764111,-1.6732972588491267e-7,NaN,0.003295477063011143,NaN,NaN,NaN,0.0,0.0,NaN,NaN,NaN,0.9972918611256686,0.9972918611256686,0.9972918611256686,ideological,0.1,0.5,0.1,0.5
exposure,0,camp_pair,0.00042983205579272266,9.371270320551216e-9,2.1703209078148077e-8,0.003953468065636567,-0.0013942775917088275,-0.0013807892152473582,0.0012283812825437373,0.0,-0.00006167303064177204,-0.002122069306144559,-0.0016140319186071681,0.0023509119897164297,1.002860668536658,1.001742876518285,NaN,ideological,0.5,0.5,0.5,0.5
engagement,0,camp_pair,0.0010500773103659933,2.123513266665305e-8,4.8453179695736125e-8,0.003953468065636567,-0.0011438954931454553,-0.001084261828534136,0.0010550705974966654,0.0,0.00013839090184471908,-0.002122069306144559,-0.0016140319186071681,0.0023509119897164297,1.0026372517443511,1.001742876518285,NaN,ideological,0.5,0.5,0.5,0.5
composition,0,camp_pair,-0.008960544097077472,-1.8076911168426784e-7,-4.120548191427146e-7,0.003953468065636567,-0.0011077372006702995,-0.0010452881207170808,0.0010198384065499308,0.0,0.00008439489591066662,-0.002122069306144559,-0.0016140319186071681,0.0023509119897164297,1.002563836319438,1.001742876518285,1.002563836319438,ideological,0.5,0.5,0.5,0.5
exposure,1,camp_pair,-0.00001852975934901746,-4.0682721911470483e-10,-9.166341503347742e-10,0.003635011944805977,-0.00023737734171085535,-0.0002949876335269111,0.0001780496633668198,0.0,-0.001134418943119067,-0.0033626682694012358,-0.002684499484432006,0.003546323419282319,1.002911502221124,1.0027058627174807,1.002911502221124,ideological,0.5,0.5,0.5,0.5
engagement,1,camp_pair,0.0010257413354685108,2.0539474078264132e-8,4.464014864080907e-8,0.003635011944805977,-0.00045928798954621717,-0.0004480396728448392,0.00047319655995580736,0.0,-0.00003380852245310484,-0.0033626682694012358,-0.002684499484432006,0.003546323419282319,1.0029600110734853,1.0027058627174807,NaN,ideological,0.5,0.5,0.5,0.5
composition,1,camp_pair,-0.00903339900937461,-1.8213966871067444e-7,-3.9981406609607017e-7,0.003635011944805977,-0.00033970053059818785,-0.0003361233758979337,0.00034047526078541434,0.0,-0.0013267084652962488,-0.0033626682694012358,-0.002684499484432006,0.003546323419282319,1.0029567120040013,1.0027058627174807,1.0029567120040013,ideological,0.5,0.5,0.5,0.5
exposure,2,camp_pair,0.00018690863906489774,4.092411960608201e-9,9.093098470683423e-9,0.005064493296067507,-0.0006363564112719816,-0.0006183886596759611,0.0006697542661493819,0.0,-0.00016348854844008137,-0.0035865492341938363,-0.0032177633697847716,0.003560416604991295,1.0032361582505338,1.0026785312850692,NaN,ideological,0.5,0.5,0.5,0.5
engagement,2,camp_pair,0.0012995339961320296,2.6522725802233395e-8,5.7621336236067465e-8,0.005064493296067507,-0.0012294903041793512,-0.0011595458700340905,0.0011803941149041604,0.0,-0.0000636048199032721,-0.0035865492341938363,-0.0032177633697847716,0.003560416604991295,1.0037549287088543,1.0026785312850692,NaN,ideological,0.5,0.5,0.5,0.5
composition,2,camp_pair,-0.009107220293777862,-1.843790803291465e-7,-3.9710562020484267e-7,0.005064493296067507,-0.0005833257626176058,-0.0005268386730597182,0.0005996638992123316,0.0,0.00007898656280321686,-0.0035865492341938363,-0.0032177633697847716,0.003560416604991295,1.0031413337921014,1.0026785312850692,1.0031413337921014,ideological,0.5,0.5,0.5,0.5
exposure,3,camp_pair,0.00036059780623753923,8.070134195052688e-9,1.91410269248654e-8,0.004424966992757073,0.0003819605968027307,0.00038221210027884886,-0.0002808400308437608,0.0,-6.842767132135552e-6,-0.0028037587354278175,-0.002554972656426081,0.002866192026303722,1.0024234786271877,1.0027178929552727,NaN,ideological,0.5,0.5,0.5,0.5
engagement,3,camp_pair,0.0013961504165570515,2.8752814559323096e-8,6.711616270344445e-8,0.004424966992757073,-0.00014587747854911525,-0.00009338880937161597,0.00020313710897377308,0.0,-0.000029867066619310156,-0.0028037587354278175,-0.002554972656426081,0.002866192026303722,1.0028028657288257,1.0027178929552727,NaN,ideological,0.5,0.5,0.5,0.5
composition,3,camp_pair,-0.00860956594568818,-1.7582743016967243e-7,-4.119803782987932e-7,0.004424966992757073,0.000048326129992198874,0.00006055666634287218,-0.000020436197690563117,0.0,7.783318616831625e-6,-0.0028037587354278175,-0.002554972656426081,0.002866192026303722,1.0026133481486474,1.0027178929552727,1.0026133481486474,ideological,0.5,0.5,0.5,0.5
exposure,4,camp_pair,0.0005628200543197348,1.2163559342130812e-8,2.8510209934640333e-8,0.0043715906075220134,-0.0008362244490863675,-0.000862488931499789,0.0006835685091493174,0.0,0.00019687394606017483,-0.0018452511652381344,-0.0016804847012840346,0.0018224856047702879,1.002134519759756,1.0013774242738287,NaN,ideological,0.5,0.5,0.5,0.5
engagement,4,camp_pair,0.0016131567947836878,3.20458649314386e-8,7.349233689219535e-8,0.0043715906075220134,-0.0009273150491205351,-0.000869636443557734,0.0008963732096071268,0.0,-0.00028246361905683026,-0.0018452511652381344,-0.0016804847012840346,0.0018224856047702879,1.0022221674650167,1.0013774242738287,NaN,ideological,0.5,0.5,0.5,0.5
composition,4,camp_pair,-0.008636932758131821,-1.7098435567342707e-7,-3.9148457792275503e-7,0.0043715906075220134,-0.001152599366621261,-0.001065604075999481,0.0011112801092606317,0.0,0.00027143393956867434,-0.0018452511652381344,-0.0016804847012840346,0.0018224856047702879,1.0023414287394519,1.0013774242738287,1.0023414287394519,ideological,0.5,0.5,0.5,0.5
exposure,0,camp_pair,0.00040337437215276495,8.190508886530994e-9,1.4999790724109956e-8,0.004654186327123333,-0.002848479336601673,-0.0028294176441834365,0.0027642220771195818,0.0,-0.000021814346548264252,-0.008746190676362418,-0.00828672075868726,0.008734954431571598,1.0060569001240725,1.0044266698179511,NaN,ideological,0.9,0.5,0.9,0.5
engagement,0,camp_pair,0.0012871380030288204,2.3862402725784583e-8,4.272799107119972e-8,0.004654186327123333,-0.003113617733582442,-0.0030417091965487964,0.0030692657211321053,0.0,-0.00002174061941945249,-0.008746190676362418,-0.00828672075868726,0.008734954431571598,1.0060012284731317,1.0044266698179511,NaN,ideological,0.9,0.5,0.9,0.5
composition,0,camp_pair,-0.011308828740878685,-2.0924838081004135e-7,-3.721111098969657e-7,0.004654186327123333,-0.004247544019617123,-0.0041642804555106095,0.004173594407668133,0.0,-0.0000620642898244636,-0.008746190676362418,-0.00828672075868726,0.008734954431571598,1.006730428020017,1.0044266698179511,1.006730428020017,ideological,0.9,0.5,0.9,0.5
exposure,1,camp_pair,0.0005689472855758826,1.132616577898757e-8,2.0285495260665405e-8,0.004009901108017688,-0.001489521417534825,-0.0015080663435703898,0.0013926502905842585,0.0,-0.006210542342985681,-0.010501701693602658,-0.00986676847051781,0.010526545697402334,1.0064257643627952,1.0056778649938434,NaN,ideological,0.9,0.5,0.9,0.5
engagement,1,camp_pair,0.0014341026077239194,2.597212104467681e-8,4.5364331373925895e-8,0.004009901108017688,-0.0026039892324318543,-0.002626407413836976,0.0024780535557418874,0.0,-7.798188237900794e-6,-0.010501701693602658,-0.00986676847051781,0.010526545697402334,1.007078158304803,1.0056778649938434,NaN,ideological,0.9,0.5,0.9,0.5
composition,1,camp_pair,-0.010490251409594586,-1.9108622189505239e-7,-3.347667669643409e-7,0.004009901108017688,-0.0018434919253984203,-0.0017635604827397119,0.001761318883383477,0.0,-2.003131331564101e-6,-0.010501701693602658,-0.00986676847051781,0.010526545697402334,1.0066349840247166,1.0056778649938434,1.0066349840247166,ideological,0.9,0.5,0.9,0.5
exposure,2,camp_pair,0.00006820429229859037,1.3762519128816815e-9,2.446439696495225e-9,0.0058234899768783155,-0.0018699097726215409,-0.001839453272834822,0.0018594365280077945,0.0,-0.000048569350850638515,-0.011440998754536207,-0.011173559912746543,0.011278566238454605,1.0071720253708567,1.006087890741996,NaN,ideological,0.9,0.5,0.9,0.5
engagement,2,camp_pair,0.0016918073525059585,3.1014452189883565e-8,5.307963958541582e-8,0.0058234899768783155,-0.0020385033060791244,-0.0020519757278087657,0.0019888430906515337,0.0,-2.4882370392581565e-6,-0.011440998754536207,-0.011173559912746543,0.011278566238454605,1.007225803326048,1.006087890741996,NaN,ideological,0.9,0.5,0.9,0.5
composition,2,camp_pair,-0.01138227380102641,-2.1002055135114048e-7,-3.5960678001473556e-7,0.0058234899768783155,-0.002399562693925236,-0.0023698426938480247,0.002362212762255485,0.0,-0.00001989459768276386,-0.011440998754536207,-0.011173559912746543,0.011278566238454605,1.007457060669631,1.006087890741996,1.007457060669631,ideological,0.9,0.5,0.9,0.5
exposure,3,camp_pair,0.00046775443380964177,9.534722854776832e-9,1.7436607537823073e-8,0.004774432246325344,-0.0014957180314144319,-0.0015323936540941538,0.001449714347577409,0.0,0.000011306231845094328,-0.009247677069154026,-0.00892800870500059,0.009186426158587216,1.0057806098558089,1.0051030896318425,NaN,ideological,0.9,0.5,0.9,0.5
engagement,3,camp_pair,0.0016436601642526583,3.1008360485457734e-8,5.485449753880184e-8,0.004774432246325344,-0.002917319406222295,-0.0029921844495011726,0.0028262512080795207,0.0,-0.000060493216368071034,-0.009247677069154026,-0.00892800870500059,0.009186426158587216,1.0067448358794393,1.0051030896318425,NaN,ideological,0.9,0.5,0.9,0.5
composition,3,camp_pair,-0.009900067685235103,-1.8771815326864564e-7,-3.3527728546583257e-7,0.004774432246325344,-0.003083909642037792,-0.0030486033735123257,0.0030194550877116616,0.0,-0.00007424383410605667,-0.009247677069154026,-0.00892800870500059,0.009186426158587216,1.006759650761915,1.0051030896318425,1.006759650761915,ideological,0.9,0.5,0.9,0.5
exposure,4,camp_pair,0.00019761728652356592,3.850987733330071e-9,7.082041518189719e-9,0.0056092949099818545,-0.0017585775041576834,-0.0017273445933154597,0.0017074074328458332,0.0,0.00013140371852148058,-0.009048921897458517,-0.008838499149043796,0.008936388635430476,1.0055938383038245,1.0046185997018715,NaN,ideological,0.9,0.5,0.9,0.5
engagement,4,camp_pair,0.0015231384404140735,2.7280254337292882e-8,4.869991176666049e-8,0.0056092949099818545,-0.0028142215535147536,-0.002804327537279914,0.002745090790397727,0.0,0.00010142473152379566,-0.009048921897458517,-0.008838499149043796,0.008936388635430476,1.0061299448489054,1.0046185997018715,NaN,ideological,0.9,0.5,0.9,0.5
composition,4,camp_pair,-0.0110298666837515,-1.9869695526565004e-7,-3.5575624705687974e-7,0.0056092949099818545,-0.0027242828523292434,-0.0026970407658381337,0.002659481589538963,0.0,0.00007702551465874063,-0.009048921897458517,-0.008838499149043796,0.008936388635430476,1.0060396591913294,1.0046185997018715,1.0060396591913294,ideological,0.9,0.5,0.9,0.5
exposure,0,camp_pair,0.0002975151619604155,6.077567502715165e-9,1.243740487272336e-8,0.004394748117499181,-0.00022467546083884942,-0.0002073527019100553,0.00022149874408048265,0.0,0.00005003888906076476,-0.004050321620122681,-0.003574617467021008,0.003995874660958309,1.0036086729119384,1.0033923618164735,NaN,structural,0.1,0.5,0.5,0.1
engagement,0,camp_pair,0.0017017744209526509,3.0503762766004965e-8,5.966532574688489e-8,0.004394748117499181,-0.0011460509350445635,-0.0010562712876854073,0.0011010721703557233,0.0,-0.00006826696499528939,-0.004050321620122681,-0.003574617467021008,0.003995874660958309,1.0043243119040857,1.0033923618164735,NaN,structural,0.1,0.5,0.5,0.1
composition,0,camp_pair,-0.010239164564228131,-1.8289121307900565e-7,-3.5649204666207546e-7,0.004394748117499181,-0.0009211193464052454,-0.0008668858609253622,0.0008408297438163969,0.0,0.00004245759761211526,-0.004050321620122681,-0.003574617467021008,0.003995874660958309,1.00409113220018,1.0033923618164735,1.00409113220018,structural,0.1,0.5,0.5,0.1
exposure,1,camp_pair,0.00013291675860738206,2.7157460435073872e-9,5.455233269336428e-9,0.003940182916289281,-0.00008731351253019569,-0.00004164083753474372,0.0000705788560031416,0.0,0.001976311357090421,-0.004681489911392288,-0.004056823982713195,0.004731830136378175,1.0040268944471158,1.0039289655715569,NaN,structural,0.1,0.5,0.5,0.1
engagement,1,camp_pair,0.0014635538182784513,2.5859668850774813e-8,4.9514643016389855e-8,0.003940182916289281,-0.0011887660517695296,-0.0011201566454941353,0.0010536383764367082,0.0,0.0006581358922437483,-0.004681489911392288,-0.004056823982713195,0.004731830136378175,1.0048525327781848,1.0039289655715569,NaN,structural,0.1,0.5,0.5,0.1
composition,1,camp_pair,-0.010465177850306984,-1.840451945113957e-7,-3.528261977110341e-7,0.003940182916289281,-0.0003981135526776331,-0.0002929491594684617,0.0003511740955832064,0.0,0.0018758940969414509,-0.004681489911392288,-0.004056823982713195,0.004731830136378175,1.0041435970383203,1.0039289655715569,1.0041435970383203,structural,0.1,0.5,0.5,0.1
exposure,2,camp_pair,0.00018578728266849254,3.780005751139217e-9,7.365496458471794e-9,0.005442998765341933,0.0004321404450554492,0.00045693121885895076,-0.00033950258519119866,0.0,-0.00019458628927106203,-0.005673848041104636,-0.005329431651811667,0.005494599757646451,1.0042188114485262,1.004683248982894,NaN,structural,0.1,0.5,0.5,0.1
engagement,2,camp_pair,0.0018138637815932057,3.241879111353159e-8,6.09661125837996e-8,0.005442998765341933,-0.0007061886539494839,-0.0006875437971561402,0.0006950951693777295,0.0,-0.00005039323419039898,-0.005673848041104636,-0.005329431651811667,0.005494599757646451,1.0053169809890217,1.004683248982894,NaN,structural,0.1,0.5,0.5,0.1
composition,2,camp_pair,-0.01054186369566723,-1.8845284498591736e-7,-3.5032113836458964e-7,0.005442998765341933,-0.0010406273160855958,-0.0010131388641395336,0.0010313677568229672,0.0,-0.0001675884135979716,-0.005673848041104636,-0.005329431651811667,0.005494599757646451,1.0055418983622388,1.004683248982894,1.0055418983622388,structural,0.1,0.5,0.5,0.1
exposure,3,camp_pair,-0.00008192824662911491,-1.707407607308997e-9,-3.641902855134909e-9,0.005045339426360096,0.00031956058399877857,0.0002511812475044376,-0.00034881912208826766,0.0,0.000055508458024752794,-0.00364605926427018,-0.0034127107962234906,0.0036635604473654617,1.0031857739730736,1.003394034023628,1.0031857739730736,structural,0.1,0.5,0.5,0.1
engagement,3,camp_pair,0.0018470397647970538,3.36934231707447e-8,6.815896397642178e-8,0.005045339426360096,-0.00052321164939022,-0.0006186479097450921,0.000320327202646025,0.0,-0.0012595554050537985,-0.00364605926427018,-0.0034127107962234906,0.0036635604473654617,1.0039564999165738,1.003394034023628,NaN,structural,0.1,0.5,0.5,0.1
composition,3,camp_pair,-0.010020551968884184,-1.8304049628065e-7,-3.7039077285740314e-7,0.005045339426360096,-0.0007988559336585071,-0.0008000968330593018,0.0007007640168540633,0.0,0.00006963795459821037,-0.00364605926427018,-0.0034127107962234906,0.0036635604473654617,1.0040347350553158,1.003394034023628,1.0040347350553158,structural,0.1,0.5,0.5,0.1
exposure,4,camp_pair,0.00012561995025039963,2.5178375340816086e-9,5.193697037681383e-9,0.005169733444952529,-0.000018413734079056332,-0.00003839498138571854,-0.00003679948086473964,0.0,-0.00018318903307710382,-0.003315375531985756,-0.00314630664322773,0.0031786662312860772,1.0027429276020907,1.0025695423364003,NaN,structural,0.1,0.5,0.5,0.1
engagement,4,camp_pair,0.0019359175743935975,3.35038173547748e-8,6.527471759368796e-8,0.005169733444952529,-0.001038560567471944,-0.001030526158917374,0.0008781200558703166,0.0,-0.00030995566651200596,-0.003315375531985756,-0.00314630664322773,0.0031786662312860772,1.0036305056283266,1.0025695423364003,NaN,structural,0.1,0.5,0.5,0.1
composition,4,camp_pair,-0.010361967849741194,-1.7958972320949069e-7,-3.477403802181755e-7,0.005169733444952529,-0.0011524143676884618,-0.001119461082265107,0.001086111850083944,0.0,0.0001594728005819418,-0.003315375531985756,-0.00314630664322773,0.0031786662312860772,1.0036177023358124,1.0025695423364003,1.0036177023358124,structural,0.1,0.5,0.5,0.1
exposure,0,camp_pair,0.00042983205579272266,9.371270320551216e-9,2.1703209078148077e-8,0.003953468065636567,-0.0013942775917088275,-0.0013807892152473582,0.0012283812825437373,0.0,-0.00006167303064177204,-0.002122069306144559,-0.0016140319186071681,0.0023509119897164297,1.002860668536658,1.001742876518285,NaN,structural,0.5,0.5,0.5,0.5
engagement,0,camp_pair,0.0010500773103659933,2.123513266665305e-8,4.8453179695736125e-8,0.003953468065636567,-0.0011438954931454553,-0.001084261828534136,0.0010550705974966654,0.0,0.00013839090184471908,-0.002122069306144559,-0.0016140319186071681,0.0023509119897164297,1.0026372517443511,1.001742876518285,NaN,structural,0.5,0.5,0.5,0.5
composition,0,camp_pair,-0.008960544097077472,-1.8076911168426784e-7,-4.120548191427146e-7,0.003953468065636567,-0.0011077372006702995,-0.0010452881207170808,0.0010198384065499308,0.0,0.00008439489591066662,-0.002122069306144559,-0.0016140319186071681,0.0023509119897164297,1.002563836319438,1.001742876518285,1.002563836319438,structural,0.5,0.5,0.5,0.5
exposure,1,camp_pair,-0.00001852975934901746,-4.0682721911470483e-10,-9.166341503347742e-10,0.003635011944805977,-0.00023737734171085535,-0.0002949876335269111,0.0001780496633668198,0.0,-0.001134418943119067,-0.0033626682694012358,-0.002684499484432006,0.003546323419282319,1.002911502221124,1.0027058627174807,1.002911502221124,structural,0.5,0.5,0.5,0.5
engagement,1,camp_pair,0.0010257413354685108,2.0539474078264132e-8,4.464014864080907e-8,0.003635011944805977,-0.00045928798954621717,-0.0004480396728448392,0.00047319655995580736,0.0,-0.00003380852245310484,-0.0033626682694012358,-0.002684499484432006,0.003546323419282319,1.0029600110734853,1.0027058627174807,NaN,structural,0.5,0.5,0.5,0.5
composition,1,camp_pair,-0.00903339900937461,-1.8213966871067444e-7,-3.9981406609607017e-7,0.003635011944805977,-0.00033970053059818785,-0.0003361233758979337,0.00034047526078541434,0.0,-0.0013267084652962488,-0.0033626682694012358,-0.002684499484432006,0.003546323419282319,1.0029567120040013,1.0027058627174807,1.0029567120040013,structural,0.5,0.5,0.5,0.5
exposure,2,camp_pair,0.00018690863906489774,4.092411960608201e-9,9.093098470683423e-9,0.005064493296067507,-0.0006363564112719816,-0.0006183886596759611,0.0006697542661493819,0.0,-0.00016348854844008137,-0.0035865492341938363,-0.0032177633697847716,0.003560416604991295,1.0032361582505338,1.0026785312850692,NaN,structural,0.5,0.5,0.5,0.5
engagement,2,camp_pair,0.0012995339961320296,2.6522725802233395e-8,5.7621336236067465e-8,0.005064493296067507,-0.0012294903041793512,-0.0011595458700340905,0.0011803941149041604,0.0,-0.0000636048199032721,-0.0035865492341938363,-0.0032177633697847716,0.003560416604991295,1.0037549287088543,1.0026785312850692,NaN,structural,0.5,0.5,0.5,0.5
composition,2,camp_pair,-0.009107220293777862,-1.843790803291465e-7,-3.9710562020484267e-7,0.005064493296067507,-0.0005833257626176058,-0.0005268386730597182,0.0005996638992123316,0.0,0.00007898656280321686,-0.0035865492341938363,-0.0032177633697847716,0.003560416604991295,1.0031413337921014,1.0026785312850692,1.0031413337921014,structural,0.5,0.5,0.5,0.5
exposure,3,camp_pair,0.00036059780623753923,8.070134195052688e-9,1.91410269248654e-8,0.004424966992757073,0.0003819605968027307,0.00038221210027884886,-0.0002808400308437608,0.0,-6.842767132135552e-6,-0.0028037587354278175,-0.002554972656426081,0.002866192026303722,1.0024234786271877,1.0027178929552727,NaN,structural,0.5,0.5,0.5,0.5
engagement,3,camp_pair,0.0013961504165570515,2.8752814559323096e-8,6.711616270344445e-8,0.004424966992757073,-0.00014587747854911525,-0.00009338880937161597,0.00020313710897377308,0.0,-0.000029867066619310156,-0.0028037587354278175,-0.002554972656426081,0.002866192026303722,1.0028028657288257,1.0027178929552727,NaN,structural,0.5,0.5,0.5,0.5
composition,3,camp_pair,-0.00860956594568818,-1.7582743016967243e-7,-4.119803782987932e-7,0.004424966992757073,0.000048326129992198874,0.00006055666634287218,-0.000020436197690563117,0.0,7.783318616831625e-6,-0.0028037587354278175,-0.002554972656426081,0.002866192026303722,1.0026133481486474,1.0027178929552727,1.0026133481486474,structural,0.5,0.5,0.5,0.5
exposure,4,camp_pair,0.0005628200543197348,1.2163559342130812e-8,2.8510209934640333e-8,0.0043715906075220134,-0.0008362244490863675,-0.000862488931499789,0.0006835685091493174,0.0,0.00019687394606017483,-0.0018452511652381344,-0.0016804847012840346,0.0018224856047702879,1.002134519759756,1.0013774242738287,NaN,structural,0.5,0.5,0.5,0.5
engagement,4,camp_pair,0.0016131567947836878,3.20458649314386e-8,7.349233689219535e-8,0.0043715906075220134,-0.0009273150491205351,-0.000869636443557734,0.0008963732096071268,0.0,-0.00028246361905683026,-0.0018452511652381344,-0.0016804847012840346,0.0018224856047702879,1.0022221674650167,1.0013774242738287,NaN,structural,0.5,0.5,0.5,0.5
composition,4,camp_pair,-0.008636932758131821,-1.7098435567342707e-7,-3.9148457792275503e-7,0.0043715906075220134,-0.001152599366621261,-0.001065604075999481,0.0011112801092606317,0.0,0.00027143393956867434,-0.0018452511652381344,-0.0016804847012840346,0.0018224856047702879,1.0023414287394519,1.0013774242738287,1.0023414287394519,structural,0.5,0.5,0.5,0.5
exposure,0,camp_pair,0.00042925656284120706,1.0851595491094043e-8,3.59030246605225e-8,0.0029898590893933097,-0.0012691779553608853,-0.0013049883809288176,0.0011053730302794942,0.0,0.00016974631958624475,0.0001866938598360557,0.0006863971397537914,0.0002710434913390772,1.0008700388652787,0.999767514704378,NaN,structural,0.9,0.5,0.5,0.9
engagement,0,camp_pair,0.00035346623014154144,9.328254780469266e-9,3.627899313779549e-8,0.0029898590893933097,-0.00043159853850521123,-0.0004299245692502116,0.00040081149535580834,0.0,-0.00010871413127885171,0.0001866938598360557,0.0006863971397537914,0.0002710434913390772,1.000091065833634,0.999767514704378,NaN,structural,0.9,0.5,0.5,0.9
composition,0,camp_pair,-0.006380397150364647,-1.6770218026506458e-7,-6.535952827663028e-7,0.0029898590893933097,-0.00047447757149235594,-0.0004970099914261203,0.00040209219455922745,0.0,-0.00008910667311714388,0.0001866938598360557,0.0006863971397537914,0.0002710434913390772,1.0001061098736288,0.999767514704378,1.0001061098736288,structural,0.9,0.5,0.5,0.9
exposure,1,camp_pair,0.0006661610913984983,1.674949943172328e-8,5.196264363482826e-8,0.002454849072771048,-0.0010803058714102848,-0.0009894914567790325,0.0010270927446625838,0.0,-0.000807302759042991,-0.0006501251824169194,-0.00004958671202013043,0.0010543554938290116,1.0010595888230407,1.0002801035054294,NaN,structural,0.9,0.5,0.5,0.9
engagement,1,camp_pair,0.00053043249975393,1.3732169201696482e-8,4.827379866708501e-8,0.002454849072771048,-0.00006392501690185659,-0.000047306055818416184,0.000059025320890406354,0.0,0.0002065666458167456,-0.0006501251824169194,-0.00004958671202013043,0.0010543554938290116,1.000345833719149,1.0002801035054294,NaN,structural,0.9,0.5,0.5,0.9
composition,1,camp_pair,-0.006165483700244168,-1.6039656859554534e-7,-5.672018123499694e-7,0.002454849072771048,0.0001374250098482553,0.00021012712407890633,-0.00005709526459666127,0.0,0.00021292652593580402,-0.0006501251824169194,-0.00004958671202013043,0.0010543554938290116,1.000082503403653,1.0002801035054294,1.000082503403653,structural,0.9,0.5,0.5,0.9
exposure,2,camp_pair,0.0007597538658566938,1.917553483901703e-8,5.783313282002693e-8,0.0038286554850275323,-0.0015215982893215332,-0.0016233203434083071,0.0013363444207302787,0.0,-0.00045274886012273974,-0.0009843904551177568,-0.0005270139515266369,0.001269005439714689,1.00177409939178,1.0003318463505069,NaN,structural,0.9,0.5,0.5,0.9
engagement,2,camp_pair,0.0003112001335199288,8.208919375360824e-9,2.9539642479347774e-8,0.0038286554850275323,-0.0004192224246998338,-0.0003932145142667758,0.00036899727075367537,0.0,-0.0003871958186363253,-0.0009843904551177568,-0.0005270139515266369,0.001269005439714689,1.0006932067262804,1.0003318463505069,NaN,structural,0.9,0.5,0.5,0.9
composition,2,camp_pair,-0.006289276773940089,-1.6732139975364715e-7,-5.989217002133215e-7,0.0038286554850275323,-0.00040722528881001496,-0.0004529186378468918,0.0003313996566547922,0.0,-0.00004199514479612948,-0.0009843904551177568,-0.0005270139515266369,0.001269005439714689,1.0005767616779635,1.0003318463505069,1.0005767616779635,structural,0.9,0.5,0.5,0.9
exposure,3,camp_pair,0.0008618573493326398,2.217110460557816e-8,7.279815434856321e-8,0.0030964694959718653,-0.0011149260630894883,-0.001251779349920119,0.0008947286049304289,0.0,0.000052414367904776715,0.000036085134081907053,0.0003828221353075224,0.0003763981379600668,1.0012003435702796,1.0000835078791166,NaN,structural,0.9,0.5,0.5,0.9
engagement,3,camp_pair,0.0005811566830684622,1.5597753108469424e-8,5.991923735111478e-8,0.0030964694959718653,-0.00036952356713408423,-0.00044164759743766204,0.0002497050844551249,0.0,0.0000285049877011348,0.000036085134081907053,0.0003828221353075224,0.0003763981379600668,1.000507782588118,1.0000835078791166,NaN,structural,0.9,0.5,0.5,0.9
composition,3,camp_pair,-0.006020840900728297,-1.6229556581832705e-7,-6.198106753889538e-7,0.0030964694959718653,-0.00041717561580932475,-0.0005075436401142937,0.0003162157759589487,0.0,0.00003641188154661357,0.000036085134081907053,0.0003828221353075224,0.0003763981379600668,1.0005600225845028,1.0000835078791166,1.0005600225845028,structural,0.9,0.5,0.5,0.9
exposure,4,camp_pair,0.0009435139167850437,2.322095680215209e-8,7.527636163914502e-8,0.003396223020863509,-0.0012462428935332542,-0.001292611489787513,0.0010640828982529313,0.0,-0.00022856891817198827,0.0008076626421318571,0.00099254203774745,-0.0005393620787440577,1.0001853998678625,0.9992354272972683,NaN,structural,0.9,0.5,0.5,0.9
engagement,4,camp_pair,0.0006252290531920668,1.611082903504604e-8,6.173272642101765e-8,0.003396223020863509,-0.0005934395990368593,-0.0006617363118479195,0.0004848116806229443,0.0,-0.0003182244207144483,0.0008076626421318571,0.00099254203774745,-0.0005393620787440577,0.9997323230972449,0.9992354272972683,NaN,structural,0.9,0.5,0.5,0.9
composition,4,camp_pair,-0.005977810565897412,-1.5397997439331855e-7,-5.890629252953698e-7,0.003396223020863509,-0.0006700683550709958,-0.0007518249094569556,0.0005411201985013352,0.0,-0.000244742452257668,0.0008076626421318571,0.00099254203774745,-0.0005393620787440577,0.9998261193704885,0.9992354272972683,0.9998261193704885,structural,0.9,0.5,0.5,0.9
