arm,seed,delta_aff_plateau,delta_aff_per_contact,toward_other_camp,toward_mean,toward_own_pole,delta_k,swept_dial,level,affective,ideological,structural
exposure,0,0.00016113963876823734,3.6228251257500693e-9,-0.0006916553327282618,-0.0007312074978257194,0.0006263261872350022,0.0,affective,0.1,0.1,0.7,0.7
engagement,0,0.0002187637903094397,4.8782203213165286e-9,-0.000747201546138737,-0.0007078472007682904,0.0007506196005081581,0.0,affective,0.1,0.1,0.7,0.7
composition,0,-0.003056296530873165,-6.815244800698327e-8,-0.000747201546138737,-0.0007078472007682904,0.0007506196005081581,0.0,affective,0.1,0.1,0.7,0.7
exposure,1,0.00011801285218199231,2.6342154504908997e-9,-0.0005804338465203321,-0.0006135197108173137,0.0005452708520544509,0.0,affective,0.1,0.1,0.7,0.7
engagement,1,0.0003627452503934814,8.057603465058784e-9,-0.0009631738765534851,-0.001048046947867616,0.0009514021541453541,0.0,affective,0.1,0.1,0.7,0.7
composition,1,-0.0031244959108750747,-6.940393857871287e-8,-0.0009631738765534851,-0.001048046947867616,0.0009514021541453541,0.0,affective,0.1,0.1,0.7,0.7
exposure,2,0.0002753154076831632,6.255604455321697e-9,-0.0021197049795191455,-0.002097541492115768,0.0019845142218724104,0.0,affective,0.1,0.1,0.7,0.7
engagement,2,0.00021634658723451716,4.8884151034755446e-9,-0.0012494208165670252,-0.001175857521458436,0.0012410456845578437,0.0,affective,0.1,0.1,0.7,0.7
composition,2,-0.003261017464873728,-7.341327025830095e-8,-0.0015635780440169797,-0.0014908741411236506,0.0015288609781562404,0.0,affective,0.1,0.1,0.7,0.7
exposure,3,0.00019496319016276686,4.495139494668608e-9,-0.0012269442190881567,-0.0012733697878333713,0.0011061022233717832,0.0,affective,0.1,0.1,0.7,0.7
engagement,3,0.00018882736100617192,4.28685436356184e-9,-0.0001680733447775324,-0.00015700139859277547,0.00014624204128071755,0.0,affective,0.1,0.1,0.7,0.7
composition,3,-0.00332667275111434,-7.568360257341235e-8,-0.0007688464571444613,-0.0007624549912664605,0.0007214320207579571,0.0,affective,0.1,0.1,0.7,0.7
exposure,4,0.00016711756692017188,3.664778555737196e-9,-0.001083891354078513,-0.0011793414653615123,0.0009832179366669339,0.0,affective,0.1,0.1,0.7,0.7
engagement,4,0.00025683533139908565,5.530119316131293e-9,-0.0005712407139649234,-0.0006061315577777157,0.0005347658784116069,0.0,affective,0.1,0.1,0.7,0.7
composition,4,-0.003262445318419571,-7.024622264753722e-8,-0.0005712407139649234,-0.0006061315577777157,0.0005347658784116069,0.0,affective,0.1,0.1,0.7,0.7
exposure,0,0.0015249508430401626,3.401933795208501e-8,-0.0014813356893265484,-0.0014660211442118275,0.0013919302840014595,0.0,affective,0.5,0.5,0.7,0.7
engagement,0,0.00144977647200073,3.2086768740471637e-8,-0.0009999213666280647,-0.0009103810137768937,0.0009916819829655483,0.0,affective,0.5,0.5,0.7,0.7
composition,0,-0.008334584589275607,-1.8472859145519763e-7,-0.0011235146417686625,-0.001108920631272018,0.0010598088849157364,0.0,affective,0.5,0.5,0.7,0.7
exposure,1,0.001229035710504145,2.7444859776341943e-8,-0.0021192479868138644,-0.0022227871513064135,0.0019186265429145008,0.0,affective,0.5,0.5,0.7,0.7
engagement,1,0.0016330097318336678,3.53710304070713e-8,-0.0012729663823295217,-0.001233848982640022,0.001176726044040613,0.0,affective,0.5,0.5,0.7,0.7
composition,1,-0.009183715488896738,-1.9806576851848808e-7,-0.0012479424527555866,-0.0012255290698726562,0.0011574000779122104,0.0,affective,0.5,0.5,0.7,0.7
exposure,2,0.0017501516624609526,3.9376148276845515e-8,-0.0019307511456267143,-0.0018885642690746945,0.001883888699254977,0.0,affective,0.5,0.5,0.7,0.7
engagement,2,0.0017967487814013472,3.989494818485572e-8,-0.0015911390205446043,-0.001568383777418904,0.001525765650606894,0.0,affective,0.5,0.5,0.7,0.7
composition,2,-0.008778167306199736,-1.9557888969542445e-7,-0.001207587166432508,-0.0011920438117228758,0.0011511473696792169,0.0,affective,0.5,0.5,0.7,0.7
exposure,3,0.0015653564976195744,3.570123837110739e-8,-0.0008436581304692857,-0.0008981130095324047,0.0007332160464808505,0.0,affective,0.5,0.5,0.7,0.7
engagement,3,0.002005508275134127,4.538170427077586e-8,-0.0009524476052437231,-0.0010148937693857476,0.0008164063755629882,0.0,affective,0.5,0.5,0.7,0.7
composition,3,-0.008760263585487094,-1.9902000557709735e-7,-0.0003819946452998254,-0.00043027330326167847,0.0002876396264253939,0.0,affective,0.5,0.5,0.7,0.7
exposure,4,0.0011331287663650658,2.487331561956857e-8,-0.0012972678301635967,-0.001349624113586773,0.0011864489957634484,0.0,affective,0.5,0.5,0.7,0.7
engagement,4,0.0015061281310380092,3.2363404766814414e-8,-0.0015684306511205667,-0.0015936166503892645,0.0014722787914185176,0.0,affective,0.5,0.5,0.7,0.7
composition,4,-0.009291080444877253,-1.9882049271098957e-7,-0.0014922416847704058,-0.0015180515114778712,0.0013628033854781283,0.0,affective,0.5,0.5,0.7,0.7
exposure,0,0.0059987456096468605,1.178211417222544e-7,-0.008746212306718387,-0.008598130572669942,0.008253078688196348,0.0,affective,0.9,0.9,0.7,0.7
engagement,0,0.007378802825354747,1.4854755753336312e-7,-0.0007881160079536188,-0.0007241927825942726,0.000656120847782056,0.0,affective,0.9,0.9,0.7,0.7
composition,0,-0.008301990501831558,-1.6639589725676062e-7,-0.000699579403285383,-0.0006066270040502517,0.0006656788936285976,0.0,affective,0.9,0.9,0.7,0.7
exposure,1,0.006836601151122945,1.3136699494875188e-7,-0.005676568756017478,-0.005483157742168992,0.005387198605171874,0.0,affective,0.9,0.9,0.7,0.7
engagement,1,0.008284510142016366,1.6224096003008766e-7,-0.00043126113252773407,-0.0003707423862630531,0.0003950224118341866,0.0,affective,0.9,0.9,0.7,0.7
composition,1,-0.00927158961652097,-1.8090200609773218e-7,0.0007069213330124398,0.000809239507360858,-0.0006591169920080429,0.0,affective,0.9,0.9,0.7,0.7
exposure,2,0.004872234948941401,9.550218454517907e-8,-0.007914347622537603,-0.00788726382687635,0.007629836039294839,0.0,affective,0.9,0.9,0.7,0.7
engagement,2,0.007027000138738693,1.4080471564017738e-7,-0.0016283316840241258,-0.001559072207077114,0.0015963964303701283,0.0,affective,0.9,0.9,0.7,0.7
composition,2,-0.010170186551746507,-2.037215366320762e-7,-0.0011930959949095557,-0.0011644286096240755,0.001224842194069018,0.0,affective,0.9,0.9,0.7,0.7
exposure,3,0.005806552225481543,1.1262393516848426e-7,-0.008315221136818395,-0.008171459859678064,0.007906253997834838,0.0,affective,0.9,0.9,0.7,0.7
engagement,3,0.0063532972960160805,1.2681991528466935e-7,-0.001107094648121587,-0.0009704840995449215,0.0010556112787393768,0.0,affective,0.9,0.9,0.7,0.7
composition,3,-0.009544585054873878,-1.9005924161918553e-7,-0.0014761246634628078,-0.0013949720132446983,0.001335113717360191,0.0,affective,0.9,0.9,0.7,0.7
exposure,4,0.005341996390284542,9.928438602889215e-8,-0.008190392659621168,-0.008036386344891528,0.0076994650506300895,0.0,affective,0.9,0.9,0.7,0.7
engagement,4,0.0064259366269880935,1.219852049619973e-7,-0.0009425695003053326,-0.0009318219278269049,0.0009033279589109565,0.0,affective,0.9,0.9,0.7,0.7
composition,4,-0.011047203921486393,-2.0864645629566155e-7,-0.000801375812921723,-0.0008549336436487996,0.0007610732916798375,0.0,affective,0.9,0.9,0.7,0.7
exposure,0,0.0,0.0,NaN,NaN,NaN,0.0,ideological,0.1,0.7,0.1,0.7
engagement,0,0.0,0.0,NaN,NaN,NaN,0.0,ideological,0.1,0.7,0.1,0.7
composition,0,0.0,0.0,NaN,NaN,NaN,0.0,ideological,0.1,0.7,0.1,0.7
exposure,1,0.0,0.0,NaN,NaN,NaN,0.0,ideological,0.1,0.7,0.1,0.7
engagement,1,0.0,0.0,NaN,NaN,NaN,0.0,ideological,0.1,0.7,0.1,0.7
composition,1,0.0,0.0,NaN,NaN,NaN,0.0,ideological,0.1,0.7,0.1,0.7
exposure,2,0.0,0.0,NaN,NaN,NaN,0.0,ideological,0.1,0.7,0.1,0.7
engagement,2,0.0,0.0,NaN,NaN,NaN,0.0,ideological,0.1,0.7,0.1,0.7
composition,2,0.0,0.0,NaN,NaN,NaN,0.0,ideological,0.1,0.7,0.1,0.7
exposure,3,0.0,0.0,NaN,NaN,NaN,0.0,ideological,0.1,0.7,0.1,0.7
engagement,3,0.0,0.0,NaN,NaN,NaN,0.0,ideological,0.1,0.7,0.1,0.7
composition,3,0.0,0.0,NaN,NaN,NaN,0.0,ideological,0.1,0.7,0.1,0.7
exposure,4,0.0,0.0,NaN,NaN,NaN,0.0,ideological,0.1,0.7,0.1,0.7
engagement,4,0.0,0.0,NaN,NaN,NaN,0.0,ideological,0.1,0.7,0.1,0.7
composition,4,0.0,0.0,NaN,NaN,NaN,0.0,ideological,0.1,0.7,0.1,0.7
exposure,0,0.003544785564465469,8.022599444303427e-8,-0.00198267338403424,-0.001955719371872114,0.0017362894712895389,0.0,ideological,0.5,0.7,0.5,0.7
engagement,0,0.0038112105284699993,8.544548759012643e-8,-0.00025602903385306495,-0.00019796980550243351,0.00022034758660427044,0.0,ideological,0.5,0.7,0.5,0.7
composition,0,-0.00941994796562029,-2.1051574330391513e-7,-0.0005490613205984748,-0.0005235668445691824,0.0005302650921019964,0.0,ideological,0.5,0.7,0.5,0.7
exposure,1,0.0022530679460313063,5.062163984073214e-8,-0.0011619978056722005,-0.0011711196439198376,0.0009411464759893681,0.0,ideological,0.5,0.7,0.5,0.7
engagement,1,0.00320298962496679,7.100083403455378e-8,0.000016754510522806222,-0.00003460488241004058,-0.00002171347964518948,0.0,ideological,0.5,0.7,0.5,0.7
composition,1,-0.01028362079402445,-2.2787672385269568e-7,-0.0004389312788174232,-0.00045000574259597675,0.0003970853003096835,0.0,ideological,0.5,0.7,0.5,0.7
exposure,2,0.002983003629844161,6.759429040457186e-8,-0.0018674141288316237,-0.0019416573081774491,0.0016825647651622705,0.0,ideological,0.5,0.7,0.5,0.7
engagement,2,0.0032291584704429166,7.2687866526571e-8,-0.0009729264527722908,-0.0009352509834650649,0.0009417744603019253,0.0,ideological,0.5,0.7,0.5,0.7
composition,2,-0.009274721316608892,-2.0732120253507e-7,-0.0011228846874743867,-0.0011295627252236214,0.0010650851930524901,0.0,ideological,0.5,0.7,0.5,0.7
exposure,3,0.003037000269960455,6.911541089097778e-8,-0.001874171647015443,-0.0018765956596509441,0.0017935864314009668,0.0,ideological,0.5,0.7,0.5,0.7
engagement,3,0.003729833436308061,8.50821989212113e-8,-0.0004699847450516364,-0.00045805662271427433,0.00039623613455068603,0.0,ideological,0.5,0.7,0.5,0.7
composition,3,-0.009845249308208626,-2.2606253147364298e-7,0.00018946608514358847,0.0002158973930362698,-0.0001311516726139961,0.0,ideological,0.5,0.7,0.5,0.7
exposure,4,0.003453484710725263,7.597924693035142e-8,-0.0014716953511178,-0.0015249720248908345,0.0013082226094439904,0.0,ideological,0.5,0.7,0.5,0.7
engagement,4,0.004287856808966373,9.341532448021553e-8,-0.0008103113011567256,-0.0007773587483542645,0.0006864971368598406,0.0,ideological,0.5,0.7,0.5,0.7
composition,4,-0.008640005502570158,-1.8769563570060301e-7,-0.0006838927319779463,-0.0007775513516109353,0.00047801405268330056,0.0,ideological,0.5,0.7,0.5,0.7
exposure,0,0.004156542891444515,8.68370637079454e-8,-0.004707682142907973,-0.004643774641892516,0.004578063972221064,0.0,ideological,0.9,0.7,0.9,0.7
engagement,0,0.003929642498722741,8.210703089683954e-8,-0.0015204478087975457,-0.0014961376571445053,0.00152723253891374,0.0,ideological,0.9,0.7,0.9,0.7
composition,0,-0.012315596264366624,-2.5597232066939545e-7,-0.001985535081213458,-0.0019198655085780544,0.001972746725480765,0.0,ideological,0.9,0.7,0.9,0.7
exposure,1,0.003432155058821662,7.099149999631122e-8,-0.0035455446595746894,-0.0035764488835043733,0.0034385674146961264,0.0,ideological,0.9,0.7,0.9,0.7
engagement,1,0.0037329070720688584,7.648616068166906e-8,-0.001289224143786986,-0.0013322168467110387,0.0012338431611926704,0.0,ideological,0.9,0.7,0.9,0.7
composition,1,-0.012524768209837722,-2.533275663889833e-7,-0.0007969238685822822,-0.0008224834738064998,0.0007619939265605669,0.0,ideological,0.9,0.7,0.9,0.7
exposure,2,0.0033991727972182417,7.101879943209246e-8,-0.004046706320947965,-0.0039861735763733665,0.003914514431606113,0.0,ideological,0.9,0.7,0.9,0.7
engagement,2,0.004307747039847376,8.911535281754641e-8,-0.0013881085128345672,-0.0013615355585465862,0.0013337212984310745,0.0,ideological,0.9,0.7,0.9,0.7
composition,2,-0.012020069028225278,-2.4949290191010994e-7,-0.0007471353470605586,-0.0007145562510546925,0.000668960348590205,0.0,ideological,0.9,0.7,0.9,0.7
exposure,3,0.0033158123850349774,6.895444475710644e-8,-0.004540674035570555,-0.004475817047402821,0.004350194195228717,0.0,ideological,0.9,0.7,0.9,0.7
engagement,3,0.004360632423817679,9.142745411086442e-8,-0.0016282532574868995,-0.0016148451217593979,0.0015043321744703138,0.0,ideological,0.9,0.7,0.9,0.7
composition,3,-0.01085310209306134,-2.2867893158578466e-7,-0.0014336430795171135,-0.0014656286184496561,0.001317742051656412,0.0,ideological,0.9,0.7,0.9,0.7
exposure,4,0.003340066923501972,6.820499731477756e-8,-0.002830352868820189,-0.0028110835576632687,0.002740093037617632,0.0,ideological,0.9,0.7,0.9,0.7
engagement,4,0.004610778405043092,9.240592430493e-8,-0.0004967949152692736,-0.00047513115535888564,0.0004524327028328501,0.0,ideological,0.9,0.7,0.9,0.7
composition,4,-0.011936642141291642,-2.431038500497269e-7,-0.001394083392248618,-0.0013299996536445258,0.0013554370608846074,0.0,ideological,0.9,0.7,0.9,0.7
exposure,0,0.0006932815807867421,1.3137050779503573e-8,-0.00036864074020692,-0.000475930868049642,0.00037562640296236183,0.0,structural,0.1,0.7,0.7,0.1
engagement,0,0.007103775516622557,1.2046014238320826e-7,-0.0011234063684773636,-0.0011210279823030238,0.001153273681982512,0.0,structural,0.1,0.7,0.7,0.1
composition,0,-0.020152257713505817,-3.375870292906578e-7,-0.0015331783830372127,-0.0015717044752913724,0.0014866542705272226,0.0,structural,0.1,0.7,0.7,0.1
exposure,1,-0.00007297766461578092,-1.3761062116416677e-9,0.0006163033403744442,0.0004737655606707764,-0.0005877933709435047,0.0,structural,0.1,0.7,0.7,0.1
engagement,1,0.007290275151291548,1.2071390974602267e-7,-0.0014507509941848358,-0.001439508742928284,0.0014038338360547135,0.0,structural,0.1,0.7,0.7,0.1
composition,1,-0.020620402498732426,-3.463401944763416e-7,-0.0014399830132490847,-0.0014392706487343712,0.0013141084430002125,0.0,structural,0.1,0.7,0.7,0.1
exposure,2,0.0011870043736248448,2.2260227545286266e-8,-0.0012946098344922205,-0.0012048397087862373,0.0013032856320383916,0.0,structural,0.1,0.7,0.7,0.1
engagement,2,0.007700024606116074,1.2994725518717532e-7,-0.0016611790853557212,-0.0016206502983174935,0.0015963069268536169,0.0,structural,0.1,0.7,0.7,0.1
composition,2,-0.020075991355898548,-3.380479449703399e-7,-0.0021952515457555055,-0.002101699382920926,0.0021345785990511817,0.0,structural,0.1,0.7,0.7,0.1
exposure,3,-0.00047279140346079274,-8.908658277793762e-9,0.0011667688639043113,0.0011495295483187895,-0.0010364399086058539,0.0,structural,0.1,0.7,0.7,0.1
engagement,3,0.006453508503075023,1.083839998501087e-7,-0.0009527267125673707,-0.000868806528152178,0.0009117267512236439,0.0,structural,0.1,0.7,0.7,0.1
composition,3,-0.020257976327156424,-3.394091801621222e-7,-0.0008743803029371486,-0.0008141213096014184,0.0008710665256623472,0.0,structural,0.1,0.7,0.7,0.1
exposure,4,-0.0008013736691747653,-1.4669113475650106e-8,0.000853292719269122,0.0008127304840744518,-0.0007801257837051004,0.0,structural,0.1,0.7,0.7,0.1
engagement,4,0.007328921164754032,1.1791551894896598e-7,-0.00003891528618079482,-1.2976497377539808e-6,0.00016302405734705191,0.0,structural,0.1,0.7,0.7,0.1
composition,4,-0.020314862227505337,-3.2775951061624266e-7,-0.0014938881877599244,-0.001447997634046145,0.0014764655532934698,0.0,structural,0.1,0.7,0.7,0.1
exposure,0,0.0018561758077311197,3.789815443119604e-8,-0.002273994494211713,-0.0021467728236564797,0.002211478144702208,0.0,structural,0.5,0.7,0.7,0.5
engagement,0,0.0050814626683097774,9.816975132934927e-8,-0.001743968615688346,-0.0016955879601747471,0.0017200946809524734,0.0,structural,0.5,0.7,0.7,0.5
composition,0,-0.01502806954710989,-2.903750347240772e-7,-0.0018881791243106419,-0.0017887513995363275,0.0018728750614020653,0.0,structural,0.5,0.7,0.7,0.5
exposure,1,0.0008168265385970486,1.6720431888091554e-8,-0.002030294336284844,-0.00202153967190127,0.0019296220521978283,0.0,structural,0.5,0.7,0.7,0.5
engagement,1,0.004644155086650503,8.953623718696144e-8,-0.001338634420192471,-0.00138580785493732,0.001220107473272624,0.0,structural,0.5,0.7,0.7,0.5
composition,1,-0.015088459588082248,-2.8829431545717654e-7,-0.0016618826166123202,-0.001650214796347988,0.0015559769804512763,0.0,structural,0.5,0.7,0.7,0.5
exposure,2,0.0020546173264468504,4.200382963195033e-8,-0.0019893478946828753,-0.0019427897901220046,0.0019972876405005436,0.0,structural,0.5,0.7,0.7,0.5
engagement,2,0.005542622231056393,1.0811497349230276e-7,-0.0008438399811019175,-0.0008867456123088716,0.0007839709252716581,0.0,structural,0.5,0.7,0.7,0.5
composition,2,-0.014907525679043188,-2.9071404822721167e-7,-0.0011909437184384024,-0.0011802096548881227,0.0012021086994499965,0.0,structural,0.5,0.7,0.7,0.5
exposure,3,0.0024335809225730642,4.9861309291148075e-8,4.844345146175905e-6,0.000016658959884466307,0.000016305657799286707,0.0,structural,0.5,0.7,0.7,0.5
engagement,3,0.005517032514065212,1.0630530105332021e-7,0.00010080603094083165,0.00017561405122591342,-0.00008305060026717916,0.0,structural,0.5,0.7,0.7,0.5
composition,3,-0.01440664717860396,-2.789985316459895e-7,-0.00047858313303264163,-0.0004332039516526977,0.00046651671273340196,0.0,structural,0.5,0.7,0.7,0.5
exposure,4,0.00309037858210659,6.100715773267905e-8,-0.0016494421594670655,-0.0015721887267838072,0.0015933479860019677,0.0,structural,0.5,0.7,0.7,0.5
engagement,4,0.006216090207316949,1.1531351254622767e-7,-0.002261347844279194,-0.0022263020957620193,0.002172038841892418,0.0,structural,0.5,0.7,0.7,0.5
composition,4,-0.014342207695949183,-2.648851730713673e-7,-0.001416772684410329,-0.001385796094336339,0.0013469112194679396,0.0,structural,0.5,0.7,0.7,0.5
exposure,0,0.005123138196504229,1.219591543434244e-7,-0.003926097641770871,-0.003908729683261471,0.0036473536748958396,0.0,structural,0.9,0.7,0.7,0.9
engagement,0,0.0017190758870355705,4.440450191237202e-8,-0.0007362449162635607,-0.0007482371406599434,0.0006737411986322598,0.0,structural,0.9,0.7,0.7,0.9
composition,0,-0.005351487084800155,-1.379675952562688e-7,-0.0008182981748938918,-0.0008225280725178605,0.0007538734468657687,0.0,structural,0.9,0.7,0.7,0.9
exposure,1,0.005110980377709851,1.2062449264142575e-7,-0.0029819958978225453,-0.003023953717112672,0.0028319516748059174,0.0,structural,0.9,0.7,0.7,0.9
engagement,1,0.0016864814424912833,4.3518732549513155e-8,-0.0007372382670409383,-0.0008078139533010346,0.0006337203565337153,0.0,structural,0.9,0.7,0.7,0.9
composition,1,-0.006246988092085903,-1.6120011591582339e-7,-0.0007374002170578973,-0.0008079778848720199,0.0006340779608245586,0.0,structural,0.9,0.7,0.7,0.9
exposure,2,0.005268816334212056,1.2589463415956743e-7,-0.004445616088325851,-0.0044463837038420705,0.004255888645785634,0.0,structural,0.9,0.7,0.7,0.9
engagement,2,0.0017424564755395,4.497242161671184e-8,-0.00011706216941660946,-0.00013691081161576642,0.0001269819749352575,0.0,structural,0.9,0.7,0.7,0.9
composition,2,-0.005866364722963535,-1.527420710538062e-7,-0.00018800547680656796,-0.0002168226964000923,0.00015104153207200037,0.0,structural,0.9,0.7,0.7,0.9
exposure,3,0.005328495913683229,1.2840677431340165e-7,-0.00511268712714566,-0.005185888099368822,0.004846489919916454,0.0,structural,0.9,0.7,0.7,0.9
engagement,3,0.0023677892654812016,6.223654265951377e-8,-0.0009335759005985739,-0.0010026213084991364,0.0008240105767665078,0.0,structural,0.9,0.7,0.7,0.9
composition,3,-0.005387448870490141,-1.4172648489964332e-7,-0.0009752308380206742,-0.0010294149690219618,0.0008446275625931324,0.0,structural,0.9,0.7,0.7,0.9
exposure,4,0.005040046531974429,1.1768935276064049e-7,-0.0038364725343964083,-0.0038092024149471862,0.003600234005644659,0.0,structural,0.9,0.7,0.7,0.9
engagement,4,0.0019690690468634475,4.915545076797263e-8,-0.0008072272226133615,-0.0007753238468911055,0.0007480935272333304,0.0,structural,0.9,0.7,0.7,0.9
composition,4,-0.005120492360053186,-1.2771855632178952e-7,-0.0009928123291364343,-0.0009573348783047651,0.0009704664501943867,0.0,structural,0.9,0.7,0.7,0.9
