label,seed,cross_cutting_exposure.camp_share,cross_cutting_exposure.stance_share,cross_cutting_exposure.algorithmic_share,cross_cutting_exposure.rank_penalty,cross_cutting_exposure.delta,cross_cutting_exposure.n,epistemic_alignment.quality_attention_rho,feed_narrowing.feed_dist,feed_narrowing.world_dist,feed_narrowing.bubble,feed_narrowing.topic_narrowing,feed_narrowing.n_users,hostility_given_contact.contact_rate,hostility_given_contact.hostility,hostility_given_contact.n,selection_filtering.echo_exposed,selection_filtering.echo_attended,selection_filtering.selection_shift,selection_filtering.delta,selection_filtering.n,voice_inequality.posting_gini,voice_inequality.attention_gini,voice_inequality.top1_share,voice_inequality.minority_camp_attention_share,affective_distance,animus_asymmetry,ident_animus_coupling,stance_centroid_distance,wall_s
exp01-world_a,0,0.24929218288789382,0.5016717132498901,NaN,-0.09742768601300261,0.30196803102671854,49801,0.003072837576426311,0.4146717116624375,0.6417870198050247,-0.22711530814258726,-0.4209782753408373,1500,0.40936003318625785,0.6682020574236143,79551,0.4983282867501099,0.4983282867501099,0.0,0.30196803102671854,49801,0.6936763447710931,0.5812718494055223,0.06537944211889228,0.49918919938152884,0.017175118992509508,0.017175118992509508,-0.010993376325554256,1.1909088913416075,6.402743339538574
exp01-world_a,1,0.2603471568346502,0.5093365762379617,NaN,-0.09861168725313227,0.30378264742411704,48854,0.009815701822404224,0.42344786172022886,0.6338781048366317,-0.2104302431164028,-0.4227289103902778,1498,0.4232084938171498,0.6699697631949226,78928,0.4906634237620383,0.4906634237620383,0.0,0.30378264742411704,48854,0.6799323104987133,0.575391894900129,0.06286742347455909,0.46992195418609367,0.00024254546210357794,-0.00024254546210357794,-0.013189704278718547,1.1818631979084446,6.501067161560059
exp01-world_a,2,0.2665197784321397,0.4802999267967306,NaN,-0.09686934478403064,0.3361088539553821,48563,0.006344378482492076,0.42670363885411033,0.63228202753202,-0.20557838867790976,-0.41766168791657976,1498,0.4237565239263032,0.6633921946876391,79515,0.5197000732032694,0.5197000732032694,0.0,0.3361088539553821,48563,0.6854074640660356,0.5820716843984531,0.06672954788404703,0.473885430421933,0.07141827798136985,0.07141827798136985,0.0036486629633816323,1.176428473488016,6.149819850921631
exp01-world_a,3,0.26466605169672824,0.537046316493267,NaN,-0.09213010735504823,0.2873385968280666,50951,0.0005950608037952622,0.4248520487214818,0.6336964801427674,-0.2088444314212856,-0.44835011632459687,1500,0.4261410386718939,0.6621897893122834,82644,0.46295368350673305,0.46295368350673305,0.0,0.2873385968280666,50951,0.6840025846471957,0.5823517895111604,0.06766371424422826,0.5285804172111708,0.09794193024294687,-0.09794193024294687,-0.02356933244269971,1.1701157919567082,6.269776105880737
exp01-world_b,0,0.319102156662869,0.5653725474187654,NaN,0.0032282987703221577,0.30196803102671854,50031,0.00797959033799365,0.4851337617883881,0.6429828868378391,-0.15784912504945106,-0.11860937876215916,1499,0.1578504001387478,0.3574007220216607,40361,0.4346274525812346,0.4721178904048708,0.0374904378236362,0.30196803102671854,50031,0.6913148215808063,0.5190376069565871,0.05505314536309804,0.4962711528455687,0.01783558231064647,0.01783558231064647,-0.010096284774298869,1.1885125493246473,5.726003408432007
exp01-world_b,1,0.3276710064062823,0.5699702405866273,NaN,0.015735075918163366,0.30378264742411704,48390,-0.0005478148867736062,0.4900635979272837,0.6315851029992712,-0.14152150507198724,-0.11835257916164399,1497,0.15851399389175386,0.3498104864181933,39946,0.43002975941337274,0.46547950056712956,0.03544974115375682,0.30378264742411704,48390,0.6843529411764706,0.4967822678041147,0.05272117358433886,0.4618234616732589,0.0017127318804616366,0.0017127318804616366,-0.01345956570385098,1.17957062410726,5.358605623245239
exp01-world_b,2,0.3257803090615878,0.5368856565246258,NaN,-0.0006856106332253642,0.3361088539553821,48987,-0.012007839215711719,0.48783566961000296,0.6350162475947692,-0.1471805779847662,-0.11046433157985924,1498,0.16178775468931694,0.363125,39558,0.46311434347537417,0.5022294861873757,0.03911514271200156,0.3361088539553821,48987,0.6866545661883492,0.5122052939544661,0.05402194246422974,0.47219272966277365,0.0721288623203267,0.0721288623203267,0.0033468330291334817,1.174332255595398,5.3071160316467285
exp01-world_b,3,0.32851630177980784,0.6000220143693341,NaN,-0.004043227151093898,0.2873385968280666,50792,0.021121760154526843,0.4904046990757609,0.6336446214232672,-0.14323992234750624,-0.12023426560795736,1500,0.16126330311391407,0.3614421020470516,40592,0.3999779856306659,0.43693908800461106,0.036961102373945176,0.2873385968280666,50792,0.6824258415699757,0.5097825774329099,0.05286756011036658,0.517983839180134,0.09933890925010744,-0.09933890925010744,-0.023712882156552702,1.168111634643373,5.330319166183472
exp01-world_a,0,0.25222228821444836,0.5002118658896305,0.4002267573696145,-0.10905683282680195,0.30196803102671854,50511,-0.0021419561701762403,0.41536422568491654,0.6404674258117107,-0.22510320012679422,-0.4366208552814843,1499,0.41284369855271885,0.6630062792012618,81394,0.4997881341103695,0.4997881341103695,0.0,0.30196803102671854,50511,0.6914498440669755,0.580531468624665,0.0653242253728776,0.4991031279946925,0.01737177595134598,0.01737177595134598,-0.01067124111373832,1.1907766209386688,6.153949975967407
exp01-world_a,1,0.2640318291618456,0.5153655428461197,0.4134078212290503,-0.10117694257195076,0.30378264742411704,49263,-0.0026785020640079436,0.42553912485402917,0.6356432518318724,-0.21010412697784336,-0.400954638647796,1498,0.42258173491986034,0.668887309764908,79923,0.48463445715388037,0.48463445715388037,0.0,0.30378264742411704,49263,0.6851488519398258,0.5666215590539644,0.06242258173491986,0.4730428036985599,0.0011582209268928957,0.0011582209268928957,-0.013158009140653917,1.1817238475157101,6.0404322147369385
exp01-world_a,2,0.2668030977890133,0.4705582306266971,0.40860849056603776,-0.10466745781441111,0.3361088539553821,49842,-0.0011900442893942101,0.4232185254563786,0.6373493974798656,-0.21413087202348716,-0.4059977537193977,1497,0.4248464365887954,0.6640343746370921,81074,0.5294417693733029,0.5294417693733029,0.0,0.3361088539553821,49842,0.6869142748526895,0.578863900015928,0.06734588154032119,0.471815871919481,0.07065256223229677,0.07065256223229677,0.0035026088041870546,1.1765582528465657,6.721057891845703
exp01-world_a,3,0.26808702116836874,0.5397630780784664,0.41099773242630383,-0.09924841835952841,0.2873385968280666,51114,0.00047060775990467966,0.42552667153562007,0.6343700011159703,-0.2088433295803503,-0.4269793088285532,1500,0.4310872251346585,0.6601920133574509,83359,0.4602369219215337,0.4602369219215337,0.0,0.2873385968280666,51114,0.6862674584461329,0.5815412021648476,0.06794707230173107,0.534351419762713,0.0977937299104829,-0.0977937299104829,-0.02334434525955473,1.1700495487287874,6.3308844566345215
exp01-world_b,0,0.32084123972169515,0.5682272462649065,0.5143552311435523,-0.0020256315222544896,0.30196803102671854,50592,0.012276078089425069,0.48826302020914975,0.6422050898431708,-0.15394206963402102,-0.10806694975320652,1499,0.16176030336293784,0.33821714990746454,40084,0.43177275373509344,0.46921362620851853,0.03744087247342509,0.30196803102671854,50592,0.692392350325842,0.5143596350240678,0.05575790839237601,0.49528490170641654,0.017720976634563946,0.017720976634563946,-0.010393292564151481,1.1884877472455389,0.20041942596435547
exp01-world_b,1,0.32860697020570806,0.5686996669149713,0.5100154083204931,0.0014136629030823133,0.30378264742411704,49439,0.0014305880898609529,0.49108500971255975,0.6283302486575505,-0.13724523894499066,-0.10466794579711092,1498,0.1568847912450341,0.35961140308966394,40023,0.43130033308502874,0.46799754368777846,0.03669721060274972,0.30378264742411704,49439,0.6869797252234227,0.490756463515841,0.05034605102066312,0.4704794743022762,0.0020318685351336904,0.0020318685351336904,-0.01334873054843093,1.17971865623031,0.22831511497497559
exp01-world_b,2,0.33182798733896496,0.5393035564238312,0.4887585532746823,-0.0025661618443994505,0.3361088539553821,49601,-0.0006034582058831434,0.49282904299741687,0.6356754621067038,-0.1428464191092869,-0.09767911651446948,1498,0.16370385334074036,0.36094400740397964,39602,0.4606964435761688,0.49963195664285914,0.03893551306669035,0.3361088539553821,49601,0.6848901726804937,0.5054127928743314,0.05416393111459017,0.480102015049745,0.0720758868822367,0.0720758868822367,0.003347023401557534,1.1743297646853734,0.18180537223815918
exp01-world_b,3,0.3367223618331447,0.6039797223929446,0.5283372365339578,0.0000800044020167201,0.2873385968280666,52129,0.016496072004928367,0.4971205980200403,0.6354959259267823,-0.13837532790674203,-0.1040945974543439,1499,0.1657367580189259,0.34569182856295416,40685,0.3960202776070554,0.43211961193536813,0.03609933432831275,0.2873385968280666,52129,0.6841070895093646,0.5088199006889135,0.05429519478923436,0.5235344721641882,0.09940440742044633,-0.09940440742044633,-0.023924858414570333,1.1679672790387308,0.17923498153686523
exp01-world_a,0,0.25846716179958784,0.5042023531717297,0.41067285382830626,-0.10501259201105687,0.30196803102671854,51434,-0.014401312787296849,0.42104155679356714,0.6382854875171524,-0.21724393072358525,-0.43123901923274177,1498,0.41789171313394646,0.6609288354898336,82854,0.49579764682827027,0.49579764682827027,0.0,0.30196803102671854,51434,0.6912613369879702,0.5743789781499182,0.0628575566659425,0.48733917493422163,0.016518399889762253,0.016518399889762253,-0.010669558276942834,1.190841869644229,6.177138566970825
exp01-world_a,1,0.2688614816005142,0.5157799111180146,0.40833540064500123,-0.10271177232248704,0.30378264742411704,49784,-0.024226362394726864,0.4293128421641531,0.6306426422143852,-0.20132980005023213,-0.40000048538810407,1499,0.43071389379991465,0.665449398443029,82015,0.48422008888198537,0.48422008888198537,0.0,0.30378264742411704,49784,0.6818140701858638,0.56281030034444,0.06204962506858502,0.4735231360117052,0.000906573625726348,0.000906573625726348,-0.013351669753957018,1.1817713543768322,6.4274208545684814
exp01-world_a,2,0.26860304840288457,0.470179943072881,0.4069168506254599,-0.10786292785594834,0.3361088539553821,50059,-0.0018060711421288534,0.42402964706554597,0.6321301875991083,-0.20810054053356228,-0.404537831333591,1499,0.4290947593895285,0.6676688317213603,82166,0.529820056927119,0.529820056927119,0.0,0.3361088539553821,50059,0.6889883557261677,0.5793821859573118,0.06676727600223938,0.46100576880948324,0.06531890934754739,0.06531890934754739,0.0036378763107110055,1.176513865366045,6.263889312744141
exp01-world_a,3,0.2673799851233049,0.5351052111473129,0.40789784819106173,-0.10034496618416969,0.2873385968280666,52431,0.0024590888519921686,0.4240024283726339,0.6303187374350315,-0.20631630906239778,-0.4443308274170277,1498,0.4317589002467395,0.6602987999020328,85110,0.46489478885268704,0.46489478885268704,0.0,0.2873385968280666,52431,0.684102612312338,0.581821047603863,0.0676771237222418,0.5312066737163671,0.09860129802234219,-0.09860129802234219,-0.02369667825512775,1.170196192581408,6.625208377838135
exp01-world_b,0,0.33110419906687405,0.5722579175318285,0.4920863309352518,0.00034680393230135387,0.30196803102671854,51440,-0.004177943338623199,0.4980663416162199,0.6361501029318497,-0.13808376131562974,-0.0921382403162323,1498,0.16375523804715506,0.3576383536303376,39614,0.4277420824681714,0.4683608226002377,0.04061874013206629,0.30196803102671854,51440,0.6927550400441866,0.5049236808199984,0.05283485636391175,0.4952542030595244,0.01789051228703189,0.01789051228703189,-0.011108096528028065,1.188643394824251,5.434767246246338
exp01-world_b,1,0.34009548903460984,0.5767151101220945,0.5036435561107641,0.0019446374367371178,0.30378264742411704,50477,-0.0009116351916941166,0.5016317608590174,0.6319625373821294,-0.1303307765231121,-0.09744749989289159,1500,0.15810106732763418,0.3553031514957607,39538,0.42328488987790547,0.4631799718582569,0.03989508198035141,0.30378264742411704,50477,0.6797499350480645,0.4873532873692933,0.051570640902422984,0.46153067934645153,0.0015458561064718625,0.0015458561064718625,-0.013228082570944497,1.1798472544257173,5.243963241577148
exp01-world_b,2,0.3438121688431917,0.547650304989376,0.4921552436003303,-0.005865435962259524,0.3361088539553821,50769,-0.007801902274102995,0.5011556086619184,0.635446666425122,-0.1342910577632036,-0.09531341004159177,1499,0.16955821856555178,0.35880048221820376,39137,0.452349695010624,0.48990176925865664,0.03755207424803264,0.3361088539553821,50769,0.6858501165060772,0.4971829082128614,0.05475636865370365,0.469990035005238,0.07220131559902841,0.07220131559902841,0.0038042453326150175,1.1743061816673732,5.349124908447266
exp01-world_b,3,0.3503363334912364,0.610624303385944,0.5070394606385088,-0.008847629565843229,0.2873385968280666,52775,-0.002332639425658044,0.5072630107916115,0.631040461651296,-0.12377745085968442,-0.0936126597967617,1499,0.17049570783506177,0.35841094295692666,40306,0.38937569661405597,0.42481172475284934,0.035436028138793374,0.2873385968280666,52775,0.6842012666318052,0.5006939573851428,0.05344117501116459,0.526522105889942,0.09928965741001015,-0.09928965741001015,-0.02345819689358018,1.1680754361688437,5.3918445110321045
exp01-world_a,0,0.26195192564092795,0.5044153310202715,0.38526369556889284,-0.10352787685723008,0.30196803102671854,52502,-0.00256951619904875,0.42264684460911184,0.6433088847312867,-0.22066204012217483,-0.44930133276295137,1497,0.4246395652530363,0.6653335907548887,85383,0.4955846689797285,0.4955846689797285,0.0,0.30196803102671854,52502,0.696887824856205,0.576671385786338,0.0634435426255812,0.49764004544230117,0.016659742656895966,0.016659742656895966,-0.010456608726841692,1.190920259653264,7.017575263977051
exp01-world_a,1,0.2721562469329669,0.5108521977339882,0.3948446794448116,-0.1191514550826775,0.30378264742411704,50945,0.022490289970514346,0.4291330674256486,0.6273785371434671,-0.19824546971781865,-0.4243226504956532,1499,0.4347650544465687,0.6657926362941112,84211,0.4891478022660119,0.4891478022660119,0.0,0.30378264742411704,50945,0.6833848776968982,0.5579215784702778,0.061452779328116276,0.47291921482941657,0.00011754125256250562,0.00011754125256250562,-0.013547933806621398,1.181824742160689,6.811424970626831
exp01-world_a,2,0.27391560353287536,0.4749122910153504,0.40204716247732575,-0.11103205472852454,0.3361088539553821,50950,0.003915229418799993,0.4290776654206324,0.635265032398896,-0.2061873669782635,-0.4207435217904003,1498,0.43406091791849943,0.6655285441136302,84343,0.5250877089846496,0.5250877089846496,0.0,0.3361088539553821,50950,0.6940626115786789,0.5773626504353218,0.06742705381596575,0.4637136454714677,0.0657795110795073,0.0657795110795073,0.003410827475210561,1.176664482655486,6.984727144241333
exp01-world_a,3,0.27822748420773913,0.5372719080572113,0.3895239291546288,-0.10646702701902125,0.2873385968280666,52874,0.013781513869006098,0.4291249844261522,0.6337798656560246,-0.20465488122987238,-0.4445270156579222,1500,0.43660762334405806,0.6616490087065982,87337,0.4627280919427887,0.4627280919427887,0.0,0.2873385968280666,52874,0.6824877512653652,0.5810370020846413,0.0665468243699692,0.5258596013144486,0.09716711922852177,-0.09716711922852177,-0.02386020274001802,1.1702220188968604,7.490446329116821
exp01-world_b,0,0.3451211650043612,0.5800920648655812,0.4995595683770095,-0.010119280233558459,0.30196803102671854,52738,-0.002147863950721133,0.5086991687503671,0.6410198840184245,-0.13232071526805742,-0.07548041873152656,1500,0.1669615326290249,0.36088404480775055,39566,0.4199079351344189,0.46184476801789276,0.041936832883473885,0.30196803102671854,52738,0.6896278701504356,0.4871577972995443,0.05145832280240611,0.4984582722539554,0.018076412906280426,0.018076412906280426,-0.010331934858874323,1.1887633780661133,5.5997326374053955
exp01-world_b,1,0.3542004731275294,0.5849015131835876,0.5017575688853612,-0.0035141035871928405,0.30378264742411704,51149,-0.0021711437592486435,0.5123166933417246,0.6331102701721362,-0.12079357683041164,-0.0762509874989965,1497,0.16426579331167004,0.37538940809968846,39083,0.41509848681641237,0.4550306311736774,0.039932144357265054,0.30378264742411704,51149,0.6822627373935822,0.4841963601614261,0.050584653174014275,0.4568994191848118,0.001457885897851799,0.001457885897851799,-0.012825033473271099,1.1798175728603661,5.547444105148315
exp01-world_b,2,0.35274658986982155,0.5548238536333738,0.49225473321858865,-0.01166090147883131,0.3361088539553821,51391,-0.007509293923319323,0.5094452597446492,0.6380928087316547,-0.12864754898700562,-0.08576791468651357,1498,0.17116655566371228,0.36770428015564205,39038,0.44517614636662617,0.48605333376606663,0.04087718739944046,0.3361088539553821,51391,0.6853579310126782,0.49206606794487406,0.052359239715149344,0.46482914083713306,0.07203724496048217,0.07203724496048217,0.003148649158022901,1.1743979348052789,5.259293794631958
exp01-world_b,3,0.35319593787335724,0.6094608081233228,0.5024477080551847,-0.004377866314378254,0.2873385968280666,53568,0.0016913276315043023,0.511194931946563,0.6329238027258013,-0.1217288707792382,-0.07899815082677941,1499,0.17493827782536403,0.37039170506912444,39694,0.3905391918766772,0.428266286209629,0.037727094332951794,0.2873385968280666,53568,0.6853427493639792,0.4890586458773626,0.051821433969869504,0.522043633798559,0.09966494897382398,-0.09966494897382398,-0.023236239239236466,1.1681436631810158,5.673957586288452
exp01-world_a,0,0.2717996462154362,0.5100044048520582,0.37905255366395263,-0.10755960322353994,0.30196803102671854,53705,-0.007139347541224096,0.42838870618203234,0.6412611264438526,-0.2128724202618202,-0.4470752022034916,1500,0.43702667012787666,0.6681903876449472,88601,0.4899955951479418,0.4899955951479418,0.0,0.30196803102671854,53705,0.6966562872057881,0.5743584782065247,0.06029277321926389,0.4912698502274241,0.016630775983269525,0.016630775983269525,-0.0112410886742187,1.1908951806149144,0.2525327205657959
exp01-world_a,1,0.27487212396897,0.5043684996272834,0.3723793180631202,-0.11125547991070536,0.30378264742411704,52981,0.00219247277088702,0.42904224344997927,0.6295657656727442,-0.20052352222276504,-0.428711449475357,1498,0.4442781750474058,0.6674208726506055,87542,0.49563150037271664,0.49563150037271664,0.0,0.30378264742411704,52981,0.6786608433932018,0.5708356236084322,0.0616047154508693,0.48064928834159604,0.0010157821222103226,0.0010157821222103226,-0.013774841986808279,1.181838801208314,0.24436664581298828
exp01-world_a,2,0.2760520946551494,0.4760225573838879,0.3773069036226931,-0.10977796121975802,0.3361088539553821,52443,0.018645240778295952,0.4301514581065508,0.632300572540445,-0.20214911443389413,-0.4317543670543251,1499,0.4436378186806905,0.6699394407937121,87470,0.5239774426161121,0.5239774426161121,0.0,0.3361088539553821,52443,0.6929212355212354,0.5766970225969236,0.06506230707671201,0.4612209900537327,0.07070570781946213,0.07070570781946213,0.0035183799908274117,1.1765708738102396,0.22691869735717773
exp01-world_a,3,0.28283756223932977,0.5364781255392603,0.3764953237149279,-0.10738507164897726,0.2873385968280666,54427,0.001155546151551171,0.43056971302624875,0.6275749063640357,-0.19700519333778688,-0.451201238104024,1499,0.44339748285276687,0.6605091236765037,90102,0.46352187446073967,0.46352187446073967,0.0,0.2873385968280666,54427,0.6847993835238012,0.5815555627527552,0.06898847972298063,0.5243945750371801,0.09813482610768343,-0.09813482610768343,-0.023689834129531996,1.170089355900008,0.20553278923034668
exp01-world_b,0,0.3639847445817595,0.594524514092315,0.5015457475498257,-0.0183264401208173,0.30196803102671854,54538,-0.00239279291921041,0.5249586861409181,0.6401439440953757,-0.1151852579544575,-0.06051636706440333,1499,0.18018672199170124,0.36053540587219346,38560,0.40547548590768506,0.4474041335889913,0.04192864768130622,0.30196803102671854,54538,0.6945308496850227,0.4776060860982542,0.04929979253112033,0.49336099585062243,0.01766067279051429,0.01766067279051429,-0.010453553307153213,1.1886918290821322,5.626818656921387
exp01-world_b,1,0.3711536665109762,0.5905592907289495,0.4965498760635091,-0.019470295504576463,0.30378264742411704,53525,-0.006136191026163917,0.522778153252925,0.6340317186364566,-0.11125356538353155,-0.059706362244773326,1499,0.17011899515204937,0.3744285278878391,38573,0.4094407092710505,0.44986947938496047,0.040428770113909995,0.30378264742411704,53525,0.6820603270982274,0.46616261520534874,0.047986933865657326,0.46877349441319055,0.0017024756218757056,0.0017024756218757056,-0.0134699573172891,1.1798317616668754,5.6590259075164795
exp01-world_b,2,0.3736798741667291,0.5649681084575549,0.5041827114593016,-0.024030359053876738,0.3361088539553821,53404,-0.012624126995517909,0.5260773832333246,0.6331315455277614,-0.10705416229443684,-0.05708152006023126,1497,0.18084437693153843,0.3610427226647357,38182,0.4350318915424451,0.47532158315839024,0.040289691615945145,0.3361088539553821,53404,0.6864236104467617,0.4764221314358914,0.04981404850453093,0.47215965638258867,0.072177806549088,0.072177806549088,0.004065898325285746,1.174427740409934,5.456212759017944
exp01-world_b,3,0.37646292712045293,0.6238793735660562,0.5009681166903317,-0.012068830304203193,0.2873385968280666,55283,-0.011742891004335723,0.5279361766804637,0.63252000610354,-0.10458382942307623,-0.06130545325263381,1500,0.18347515360292038,0.3700434356172061,38899,0.3761206264339438,0.4168157107442548,0.04069508431031099,0.2873385968280666,55283,0.6868213788300837,0.4759852051960566,0.048433121674079024,0.5174426077791203,0.09934669783279883,-0.09934669783279883,-0.023135565946088708,1.1682235852755658,5.766849994659424
